{
  "i2t_R@1": 0.5199999809265137,
  "t2i_R@1": 0.49000000953674316,
  "i2t_R@5": 0.9300000071525574,
  "t2i_R@5": 0.8600000143051147,
  "i2t_R@10": 0.9700000286102295,
  "t2i_R@10": 0.9200000166893005,
  "mean_R@10": 0.945000022649765,
  "avg_train_loss": 1.1977728605270386,
  "tau": 0.050316207110881805
}