{
  "i2t_R@1": 0.009999999776482582,
  "t2i_R@1": 0.009999999776482582,
  "i2t_R@5": 0.05999999865889549,
  "t2i_R@5": 0.05999999865889549,
  "i2t_R@10": 0.11999999731779099,
  "t2i_R@10": 0.11999999731779099,
  "mean_R@10": 0.11999999731779099,
  "avg_train_loss": 1.4774865508079529,
  "tau": 0.05003904178738594
}