{
  "i2t_R@1": 0.019999999552965164,
  "t2i_R@1": 0.009999999776482582,
  "i2t_R@5": 0.05999999865889549,
  "t2i_R@5": 0.10999999940395355,
  "i2t_R@10": 0.15000000596046448,
  "t2i_R@10": 0.15000000596046448,
  "mean_R@10": 0.15000000596046448,
  "avg_train_loss": 1.7150413990020752,
  "tau": 0.050141796469688416
}