{
  "i2t_R@1": 0.07999999821186066,
  "t2i_R@1": 0.05999999865889549,
  "i2t_R@5": 0.1599999964237213,
  "t2i_R@5": 0.11999999731779099,
  "i2t_R@10": 0.28999999165534973,
  "t2i_R@10": 0.20000000298023224,
  "mean_R@10": 0.24499999731779099,
  "avg_train_loss": 1.383900761604309,
  "tau": 0.05027342215180397
}