{
  "i2t_R@1": 0.3700000047683716,
  "t2i_R@1": 0.2199999988079071,
  "i2t_R@5": 0.75,
  "t2i_R@5": 0.6000000238418579,
  "i2t_R@10": 0.9200000166893005,
  "t2i_R@10": 0.7400000095367432,
  "mean_R@10": 0.8300000131130219,
  "avg_train_loss": 1.2712912559509277,
  "tau": 0.050353266298770905
}