{
  "i2t_R@1": 0.5600000023841858,
  "t2i_R@1": 0.5799999833106995,
  "i2t_R@5": 0.9399999976158142,
  "t2i_R@5": 0.8700000047683716,
  "i2t_R@10": 0.9700000286102295,
  "t2i_R@10": 0.9300000071525574,
  "mean_R@10": 0.9500000178813934,
  "avg_train_loss": 1.1596032977104187,
  "tau": 0.05030113086104393
}