{
  "i2t_R@1": 0.5299999713897705,
  "t2i_R@1": 0.5699999928474426,
  "i2t_R@5": 0.9300000071525574,
  "t2i_R@5": 0.8799999952316284,
  "i2t_R@10": 0.9700000286102295,
  "t2i_R@10": 0.9399999976158142,
  "mean_R@10": 0.9550000131130219,
  "avg_train_loss": 1.182378113269806,
  "tau": 0.05030892416834831
}