{
  "i2t_R@1": 0.5299999713897705,
  "t2i_R@1": 0.5799999833106995,
  "i2t_R@5": 0.9300000071525574,
  "t2i_R@5": 0.8899999856948853,
  "i2t_R@10": 0.9700000286102295,
  "t2i_R@10": 0.9300000071525574,
  "mean_R@10": 0.9500000178813934,
  "avg_train_loss": 1.1677331328392029,
  "tau": 0.05030403286218643
}