{
  "i2t_R@1": 0.10000000149011612,
  "t2i_R@1": 0.07000000029802322,
  "i2t_R@5": 0.4399999976158142,
  "t2i_R@5": 0.25999999046325684,
  "i2t_R@10": 0.6200000047683716,
  "t2i_R@10": 0.44999998807907104,
  "mean_R@10": 0.5349999964237213,
  "avg_train_loss": 1.3201863169670105,
  "tau": 0.05033073574304581
}