{
  "i2t_R@1": 0.5699999928474426,
  "t2i_R@1": 0.5899999737739563,
  "i2t_R@5": 0.9300000071525574,
  "t2i_R@5": 0.8700000047683716,
  "i2t_R@10": 0.9599999785423279,
  "t2i_R@10": 0.9300000071525574,
  "mean_R@10": 0.9449999928474426,
  "avg_train_loss": 1.1550063490867615,
  "tau": 0.050299450755119324
}