{
  "i2t_R@1": 0.07000000029802322,
  "t2i_R@1": 0.05999999865889549,
  "i2t_R@5": 0.28999999165534973,
  "t2i_R@5": 0.17000000178813934,
  "i2t_R@10": 0.4699999988079071,
  "t2i_R@10": 0.27000001072883606,
  "mean_R@10": 0.3700000047683716,
  "avg_train_loss": 1.3640304803848267,
  "tau": 0.050306010991334915
}