{
  "i2t_R@1": 0.2800000011920929,
  "t2i_R@1": 0.20999999344348907,
  "i2t_R@5": 0.6800000071525574,
  "t2i_R@5": 0.47999998927116394,
  "i2t_R@10": 0.8299999833106995,
  "t2i_R@10": 0.6499999761581421,
  "mean_R@10": 0.7399999797344208,
  "avg_train_loss": 1.2924607396125793,
  "tau": 0.05035543814301491
}