{
  "i2t_R@1": 0.019999999552965164,
  "t2i_R@1": 0.009999999776482582,
  "i2t_R@5": 0.07999999821186066,
  "t2i_R@5": 0.10999999940395355,
  "i2t_R@10": 0.14000000059604645,
  "t2i_R@10": 0.1899999976158142,
  "mean_R@10": 0.16499999910593033,
  "avg_train_loss": 1.5643011927604675,
  "tau": 0.05008947104215622
}