{
  "i2t_R@1": 0.029999999329447746,
  "t2i_R@1": 0.019999999552965164,
  "i2t_R@5": 0.1899999976158142,
  "t2i_R@5": 0.10999999940395355,
  "i2t_R@10": 0.3100000023841858,
  "t2i_R@10": 0.20999999344348907,
  "mean_R@10": 0.25999999791383743,
  "avg_train_loss": 1.378481924533844,
  "tau": 0.05023451894521713
}