{
  "i2t_R@1": 0.5400000214576721,
  "t2i_R@1": 0.4099999964237213,
  "i2t_R@5": 0.9100000262260437,
  "t2i_R@5": 0.8399999737739563,
  "i2t_R@10": 0.9599999785423279,
  "t2i_R@10": 0.9200000166893005,
  "mean_R@10": 0.9399999976158142,
  "avg_train_loss": 1.2132998704910278,
  "tau": 0.0503256618976593
}