{
  "i2t_R@1": 0.019999999552965164,
  "t2i_R@1": 0.009999999776482582,
  "i2t_R@5": 0.07999999821186066,
  "t2i_R@5": 0.15000000596046448,
  "i2t_R@10": 0.17000000178813934,
  "t2i_R@10": 0.17000000178813934,
  "mean_R@10": 0.17000000178813934,
  "avg_train_loss": 1.4360406398773193,
  "tau": 0.050190653651952744
}