{
  "i2t_R@1": 0.5099999904632568,
  "t2i_R@1": 0.3499999940395355,
  "i2t_R@5": 0.8899999856948853,
  "t2i_R@5": 0.7799999713897705,
  "i2t_R@10": 0.9399999976158142,
  "t2i_R@10": 0.9100000262260437,
  "mean_R@10": 0.925000011920929,
  "avg_train_loss": 1.2351237535476685,
  "tau": 0.05033645033836365
}