{
  "i2t_R@1": 0.1599999964237213,
  "t2i_R@1": 0.14000000059604645,
  "i2t_R@5": 0.5799999833106995,
  "t2i_R@5": 0.4000000059604645,
  "i2t_R@10": 0.699999988079071,
  "t2i_R@10": 0.5299999713897705,
  "mean_R@10": 0.6149999797344208,
  "avg_train_loss": 1.3156507015228271,
  "tau": 0.050347767770290375
}