{
  "i2t_R@1": 0.46000000834465027,
  "t2i_R@1": 0.28999999165534973,
  "i2t_R@5": 0.8700000047683716,
  "t2i_R@5": 0.699999988079071,
  "i2t_R@10": 0.9399999976158142,
  "t2i_R@10": 0.8700000047683716,
  "mean_R@10": 0.9050000011920929,
  "avg_train_loss": 1.261241376399994,
  "tau": 0.0503474660217762
}