{
  "i2t_R@1": 0.5699999928474426,
  "t2i_R@1": 0.5899999737739563,
  "i2t_R@5": 0.9300000071525574,
  "t2i_R@5": 0.8700000047683716,
  "i2t_R@10": 0.9599999785423279,
  "t2i_R@10": 0.9300000071525574,
  "mean_R@10": 0.9449999928474426,
  "avg_train_loss": 1.1550063490867615,
  "tau": 0.050299450755119324,
  "duration_sec": 1.7222132682800293,
  "params": {
    "lr": 0.0005355095543826076,
    "dropout": 0.0,
    "hidden_mult": 0.5,
    "proj_dim": 256,
    "label_smoothing": 0.1,
    "warmup_frac": 0.0,
    "use_pos_weight_balancing": true
  },
  "run_name": "trial_002",
  "score": 0.8294993579387665
}