{
  "i2t_R@1": 0.46000000834465027,
  "t2i_R@1": 0.2800000011920929,
  "i2t_R@5": 0.800000011920929,
  "t2i_R@5": 0.75,
  "i2t_R@10": 0.9200000166893005,
  "t2i_R@10": 0.8799999952316284,
  "mean_R@10": 0.9000000059604645,
  "avg_train_loss": 0.5662202835083008,
  "tau": 0.05073228478431702
}