{
  "i2t_R@1": 0.10999999940395355,
  "t2i_R@1": 0.07000000029802322,
  "i2t_R@5": 0.36000001430511475,
  "t2i_R@5": 0.25999999046325684,
  "i2t_R@10": 0.8100000023841858,
  "t2i_R@10": 0.3700000047683716,
  "mean_R@10": 0.5900000035762787,
  "avg_train_loss": 0.7927036881446838,
  "tau": 0.0505586601793766
}