{
  "i2t_R@1": 0.4399999976158142,
  "t2i_R@1": 0.3100000023841858,
  "i2t_R@5": 0.8100000023841858,
  "t2i_R@5": 0.7599999904632568,
  "i2t_R@10": 0.9100000262260437,
  "t2i_R@10": 0.8799999952316284,
  "mean_R@10": 0.8950000107288361,
  "avg_train_loss": 0.5296218991279602,
  "tau": 0.050728119909763336
}