{
  "i2t_R@1": 0.33000001311302185,
  "t2i_R@1": 0.14000000059604645,
  "i2t_R@5": 0.7699999809265137,
  "t2i_R@5": 0.47999998927116394,
  "i2t_R@10": 0.8799999952316284,
  "t2i_R@10": 0.6100000143051147,
  "mean_R@10": 0.7450000047683716,
  "avg_train_loss": 0.8336475193500519,
  "tau": 0.05064954608678818
}