{
  "i2t_R@1": 0.46000000834465027,
  "t2i_R@1": 0.30000001192092896,
  "i2t_R@5": 0.8100000023841858,
  "t2i_R@5": 0.7400000095367432,
  "i2t_R@10": 0.9100000262260437,
  "t2i_R@10": 0.8799999952316284,
  "mean_R@10": 0.8950000107288361,
  "avg_train_loss": 0.5436840355396271,
  "tau": 0.05073051527142525
}