{
  "i2t_R@1": 0.46000000834465027,
  "t2i_R@1": 0.25,
  "i2t_R@5": 0.8399999737739563,
  "t2i_R@5": 0.699999988079071,
  "i2t_R@10": 0.9300000071525574,
  "t2i_R@10": 0.8700000047683716,
  "mean_R@10": 0.9000000059604645,
  "avg_train_loss": 0.6870249211788177,
  "tau": 0.05072290822863579
}