{
  "i2t_R@1": 0.44999998807907104,
  "t2i_R@1": 0.25999999046325684,
  "i2t_R@5": 0.800000011920929,
  "t2i_R@5": 0.7599999904632568,
  "i2t_R@10": 0.9200000166893005,
  "t2i_R@10": 0.8799999952316284,
  "mean_R@10": 0.9000000059604645,
  "avg_train_loss": 0.5889199078083038,
  "tau": 0.05073226988315582
}