{
  "i2t_R@1": 0.019999999552965164,
  "t2i_R@1": 0.009999999776482582,
  "i2t_R@5": 0.05000000074505806,
  "t2i_R@5": 0.03999999910593033,
  "i2t_R@10": 0.11999999731779099,
  "t2i_R@10": 0.09000000357627869,
  "mean_R@10": 0.10500000044703484,
  "avg_train_loss": 1.0510649681091309,
  "tau": 0.050012219697237015
}