{
  "i2t_R@1": 0.4699999988079071,
  "t2i_R@1": 0.1599999964237213,
  "i2t_R@5": 0.8399999737739563,
  "t2i_R@5": 0.550000011920929,
  "i2t_R@10": 0.9200000166893005,
  "t2i_R@10": 0.699999988079071,
  "mean_R@10": 0.8100000023841858,
  "avg_train_loss": 0.643959254026413,
  "tau": 0.050679393112659454
}