{
  "i2t_R@1": 0.009999999776482582,
  "t2i_R@1": 0.029999999329447746,
  "i2t_R@5": 0.05999999865889549,
  "t2i_R@5": 0.07000000029802322,
  "i2t_R@10": 0.14000000059604645,
  "t2i_R@10": 0.15000000596046448,
  "mean_R@10": 0.14500000327825546,
  "avg_train_loss": 1.4982183575630188,
  "tau": 0.050161201506853104
}