{
  "i2t_R@1": 0.44999998807907104,
  "t2i_R@1": 0.3199999928474426,
  "i2t_R@5": 0.8100000023841858,
  "t2i_R@5": 0.7599999904632568,
  "i2t_R@10": 0.9200000166893005,
  "t2i_R@10": 0.8899999856948853,
  "mean_R@10": 0.9050000011920929,
  "avg_train_loss": 0.525784969329834,
  "tau": 0.050726696848869324
}