{
  "i2t_R@1": 0.47999998927116394,
  "t2i_R@1": 0.17000000178813934,
  "i2t_R@5": 0.8299999833106995,
  "t2i_R@5": 0.6200000047683716,
  "i2t_R@10": 0.9399999976158142,
  "t2i_R@10": 0.8199999928474426,
  "mean_R@10": 0.8799999952316284,
  "avg_train_loss": 0.7718488276004791,
  "tau": 0.050703853368759155
}