{
  "i2t_R@1": 0.10999999940395355,
  "t2i_R@1": 0.05999999865889549,
  "i2t_R@5": 0.3100000023841858,
  "t2i_R@5": 0.07999999821186066,
  "i2t_R@10": 0.46000000834465027,
  "t2i_R@10": 0.23000000417232513,
  "mean_R@10": 0.3450000062584877,
  "avg_train_loss": 0.759000301361084,
  "tau": 0.05031818524003029
}