{
  "i2t_R@1": 0.07999999821186066,
  "t2i_R@1": 0.10000000149011612,
  "i2t_R@5": 0.36000001430511475,
  "t2i_R@5": 0.3400000035762787,
  "i2t_R@10": 0.8100000023841858,
  "t2i_R@10": 0.5400000214576721,
  "mean_R@10": 0.675000011920929,
  "avg_train_loss": 0.8491151332855225,
  "tau": 0.050606176257133484
}