{
  "i2t_R@1": 0.27000001072883606,
  "t2i_R@1": 0.05000000074505806,
  "i2t_R@5": 0.5799999833106995,
  "t2i_R@5": 0.20999999344348907,
  "i2t_R@10": 0.6800000071525574,
  "t2i_R@10": 0.36000001430511475,
  "mean_R@10": 0.5200000107288361,
  "avg_train_loss": 0.7981882095336914,
  "tau": 0.050444841384887695
}