{
  "i2t_R@1": 0.009999999776482582,
  "t2i_R@1": 0.05999999865889549,
  "i2t_R@5": 0.15000000596046448,
  "t2i_R@5": 0.1599999964237213,
  "i2t_R@10": 0.44999998807907104,
  "t2i_R@10": 0.25999999046325684,
  "mean_R@10": 0.35499998927116394,
  "avg_train_loss": 0.7917271852493286,
  "tau": 0.050383273512125015
}