{
  "i2t_R@1": 0.029999999329447746,
  "t2i_R@1": 0.009999999776482582,
  "i2t_R@5": 0.17000000178813934,
  "t2i_R@5": 0.07999999821186066,
  "i2t_R@10": 0.25999999046325684,
  "t2i_R@10": 0.12999999523162842,
  "mean_R@10": 0.19499999284744263,
  "avg_train_loss": 0.9503576159477234,
  "tau": 0.05024642497301102
}