{
  "i2t_R@1": 0.2800000011920929,
  "t2i_R@1": 0.05999999865889549,
  "i2t_R@5": 0.699999988079071,
  "t2i_R@5": 0.23000000417232513,
  "i2t_R@10": 0.8399999737739563,
  "t2i_R@10": 0.3700000047683716,
  "mean_R@10": 0.6049999892711639,
  "avg_train_loss": 0.9958511888980865,
  "tau": 0.0505039244890213
}