{
  "i2t_R@1": 0.44999998807907104,
  "t2i_R@1": 0.3199999928474426,
  "i2t_R@5": 0.8100000023841858,
  "t2i_R@5": 0.7599999904632568,
  "i2t_R@10": 0.9200000166893005,
  "t2i_R@10": 0.8899999856948853,
  "mean_R@10": 0.9050000011920929,
  "avg_train_loss": 0.525784969329834,
  "tau": 0.050726696848869324,
  "duration_sec": 1.8265399932861328,
  "params": {
    "lr": 0.0009480720557347522,
    "dropout": 0.0,
    "hidden_mult": 1.0,
    "proj_dim": 256,
    "label_smoothing": 0.0,
    "warmup_frac": 0.05,
    "use_pos_weight_balancing": false
  },
  "run_name": "trial_004",
  "score": 0.8524215042591095
}