{
  "i2t_R@1": 0.009999999776482582,
  "t2i_R@1": 0.03999999910593033,
  "i2t_R@5": 0.23999999463558197,
  "t2i_R@5": 0.25,
  "i2t_R@10": 0.6299999952316284,
  "t2i_R@10": 0.3700000047683716,
  "mean_R@10": 0.5,
  "avg_train_loss": 0.7080201506614685,
  "tau": 0.05154937505722046
}