{
  "i2t_R@1": 0.1599999964237213,
  "t2i_R@1": 0.07999999821186066,
  "i2t_R@5": 0.46000000834465027,
  "t2i_R@5": 0.2800000011920929,
  "i2t_R@10": 0.7400000095367432,
  "t2i_R@10": 0.4300000071525574,
  "mean_R@10": 0.5850000083446503,
  "avg_train_loss": 0.6921599507331848,
  "tau": 0.05160095542669296
}