{
  "i2t_R@1": 0.009999999776482582,
  "t2i_R@1": 0.019999999552965164,
  "i2t_R@5": 0.09000000357627869,
  "t2i_R@5": 0.07999999821186066,
  "i2t_R@10": 0.20000000298023224,
  "t2i_R@10": 0.14000000059604645,
  "mean_R@10": 0.17000000178813934,
  "avg_train_loss": 0.9440732002258301,
  "tau": 0.05118020996451378
}