{
  "i2t_R@1": 0.009999999776482582,
  "t2i_R@1": 0.07000000029802322,
  "i2t_R@5": 0.2800000011920929,
  "t2i_R@5": 0.23999999463558197,
  "i2t_R@10": 0.6600000262260437,
  "t2i_R@10": 0.3799999952316284,
  "mean_R@10": 0.5200000107288361,
  "avg_train_loss": 0.7057408094406128,
  "tau": 0.051574673503637314
}