{
  "i2t_R@1": 0.03999999910593033,
  "t2i_R@1": 0.07000000029802322,
  "i2t_R@5": 0.3700000047683716,
  "t2i_R@5": 0.27000001072883606,
  "i2t_R@10": 0.7099999785423279,
  "t2i_R@10": 0.4000000059604645,
  "mean_R@10": 0.5549999922513962,
  "avg_train_loss": 0.7216963768005371,
  "tau": 0.051591288298368454
}