{
  "i2t_R@1": 0.0,
  "t2i_R@1": 0.009999999776482582,
  "i2t_R@5": 0.07000000029802322,
  "t2i_R@5": 0.10999999940395355,
  "i2t_R@10": 0.1599999964237213,
  "t2i_R@10": 0.18000000715255737,
  "mean_R@10": 0.17000000178813934,
  "avg_train_loss": 2.485418200492859,
  "tau": 0.0506197027862072
}