{
  "i2t_R@1": 0.009999999776482582,
  "t2i_R@1": 0.009999999776482582,
  "i2t_R@5": 0.05999999865889549,
  "t2i_R@5": 0.03999999910593033,
  "i2t_R@10": 0.10999999940395355,
  "t2i_R@10": 0.09000000357627869,
  "mean_R@10": 0.10000000149011612,
  "avg_train_loss": 0.9270068407058716,
  "tau": 0.05002203211188316
}