{
  "i2t_R@1": 0.03999999910593033,
  "t2i_R@1": 0.07000000029802322,
  "i2t_R@5": 0.1599999964237213,
  "t2i_R@5": 0.12999999523162842,
  "i2t_R@10": 0.3400000035762787,
  "t2i_R@10": 0.18000000715255737,
  "mean_R@10": 0.26000000536441803,
  "avg_train_loss": 1.5955743193626404,
  "tau": 0.05106305703520775
}