{
  "i2t_R@1": 0.3100000023841858,
  "t2i_R@1": 0.07999999821186066,
  "i2t_R@5": 0.7099999785423279,
  "t2i_R@5": 0.3100000023841858,
  "i2t_R@10": 0.8299999833106995,
  "t2i_R@10": 0.44999998807907104,
  "mean_R@10": 0.6399999856948853,
  "avg_train_loss": 0.6751919984817505,
  "tau": 0.05160676687955856
}