{
  "i2t_R@1": 0.25999999046325684,
  "t2i_R@1": 0.07999999821186066,
  "i2t_R@5": 0.6700000166893005,
  "t2i_R@5": 0.30000001192092896,
  "i2t_R@10": 0.8199999928474426,
  "t2i_R@10": 0.46000000834465027,
  "mean_R@10": 0.6400000005960464,
  "avg_train_loss": 0.6742746829986572,
  "tau": 0.05160529911518097
}