{
  "i2t_R@1": 0.05000000074505806,
  "t2i_R@1": 0.029999999329447746,
  "i2t_R@5": 0.20000000298023224,
  "t2i_R@5": 0.10000000149011612,
  "i2t_R@10": 0.3499999940395355,
  "t2i_R@10": 0.1599999964237213,
  "mean_R@10": 0.2549999952316284,
  "avg_train_loss": 1.2439938485622406,
  "tau": 0.050774648785591125
}