{
  "i2t_R@1": 0.17000000178813934,
  "t2i_R@1": 0.03999999910593033,
  "i2t_R@5": 0.5,
  "t2i_R@5": 0.20999999344348907,
  "i2t_R@10": 0.7099999785423279,
  "t2i_R@10": 0.3400000035762787,
  "mean_R@10": 0.5249999910593033,
  "avg_train_loss": 0.8211059868335724,
  "tau": 0.051510490477085114
}