{
  "i2t_R@1": 0.0,
  "t2i_R@1": 0.029999999329447746,
  "i2t_R@5": 0.10999999940395355,
  "t2i_R@5": 0.07999999821186066,
  "i2t_R@10": 0.23999999463558197,
  "t2i_R@10": 0.15000000596046448,
  "mean_R@10": 0.19500000029802322,
  "avg_train_loss": 1.6369084119796753,
  "tau": 0.05128970742225647
}