{
  "i2t_R@1": 0.09000000357627869,
  "t2i_R@1": 0.029999999329447746,
  "i2t_R@5": 0.28999999165534973,
  "t2i_R@5": 0.12999999523162842,
  "i2t_R@10": 0.36000001430511475,
  "t2i_R@10": 0.1599999964237213,
  "mean_R@10": 0.26000000536441803,
  "avg_train_loss": 1.9237638115882874,
  "tau": 0.05092155560851097
}