{
  "i2t_R@1": 0.009999999776482582,
  "t2i_R@1": 0.009999999776482582,
  "i2t_R@5": 0.05999999865889549,
  "t2i_R@5": 0.07000000029802322,
  "i2t_R@10": 0.12999999523162842,
  "t2i_R@10": 0.1599999964237213,
  "mean_R@10": 0.14499999582767487,
  "avg_train_loss": 1.5553650856018066,
  "tau": 0.05029427260160446
}