{
  "i2t_R@1": 0.18000000715255737,
  "t2i_R@1": 0.03999999910593033,
  "i2t_R@5": 0.5400000214576721,
  "t2i_R@5": 0.12999999523162842,
  "i2t_R@10": 0.699999988079071,
  "t2i_R@10": 0.23000000417232513,
  "mean_R@10": 0.4649999961256981,
  "avg_train_loss": 0.7294092178344727,
  "tau": 0.051455818116664886
}