{
  "i2t_R@1": 0.019999999552965164,
  "t2i_R@1": 0.019999999552965164,
  "i2t_R@5": 0.1599999964237213,
  "t2i_R@5": 0.09000000357627869,
  "i2t_R@10": 0.5,
  "t2i_R@10": 0.17000000178813934,
  "mean_R@10": 0.33500000089406967,
  "avg_train_loss": 1.0738288164138794,
  "tau": 0.05138522759079933
}