{
  "i2t_R@1": 0.3199999928474426,
  "t2i_R@1": 0.07000000029802322,
  "i2t_R@5": 0.7099999785423279,
  "t2i_R@5": 0.3199999928474426,
  "i2t_R@10": 0.8299999833106995,
  "t2i_R@10": 0.44999998807907104,
  "mean_R@10": 0.6399999856948853,
  "avg_train_loss": 0.67610964179039,
  "tau": 0.05160713195800781,
  "duration_sec": 1.775235891342163,
  "params": {
    "lr": 0.001710448022845794,
    "dropout": 0.0,
    "hidden_mult": 0.5,
    "proj_dim": 512,
    "label_smoothing": 0.05,
    "warmup_frac": 0.05,
    "use_pos_weight_balancing": false
  },
  "run_name": "trial_010",
  "score": 0.5723890215158463
}