{
  "i2t_R@1": 0.11999999731779099,
  "t2i_R@1": 0.019999999552965164,
  "i2t_R@5": 0.2800000011920929,
  "t2i_R@5": 0.07999999821186066,
  "i2t_R@10": 0.3499999940395355,
  "t2i_R@10": 0.10000000149011612,
  "mean_R@10": 0.22499999776482582,
  "avg_train_loss": 4.507119417190552,
  "tau": 0.05075143277645111
}