{
  "i2t_R@1": 0.03999999910593033,
  "t2i_R@1": 0.009999999776482582,
  "i2t_R@5": 0.10999999940395355,
  "t2i_R@5": 0.09000000357627869,
  "i2t_R@10": 0.23000000417232513,
  "t2i_R@10": 0.11999999731779099,
  "mean_R@10": 0.17500000074505806,
  "avg_train_loss": 5.312579154968262,
  "tau": 0.05019854009151459
}