{
  "i2t_R@1": 0.25,
  "t2i_R@1": 0.07000000029802322,
  "i2t_R@5": 0.5699999928474426,
  "t2i_R@5": 0.1599999964237213,
  "i2t_R@10": 0.7300000190734863,
  "t2i_R@10": 0.27000001072883606,
  "mean_R@10": 0.5000000149011612,
  "avg_train_loss": 1.2744635343551636,
  "tau": 0.05220610275864601
}