{
  "i2t_R@1": 0.27000001072883606,
  "t2i_R@1": 0.12999999523162842,
  "i2t_R@5": 0.6100000143051147,
  "t2i_R@5": 0.3400000035762787,
  "i2t_R@10": 0.7300000190734863,
  "t2i_R@10": 0.5299999713897705,
  "mean_R@10": 0.6299999952316284,
  "avg_train_loss": 1.2335270047187805,
  "tau": 0.05221203714609146
}