{
  "i2t_R@1": 0.23000000417232513,
  "t2i_R@1": 0.1899999976158142,
  "i2t_R@5": 0.5799999833106995,
  "t2i_R@5": 0.550000011920929,
  "i2t_R@10": 0.7799999713897705,
  "t2i_R@10": 0.7599999904632568,
  "mean_R@10": 0.7699999809265137,
  "avg_train_loss": 0.9283919036388397,
  "tau": 0.052121855318546295
}