{
  "i2t_R@1": 0.25999999046325684,
  "t2i_R@1": 0.05000000074505806,
  "i2t_R@5": 0.5299999713897705,
  "t2i_R@5": 0.1899999976158142,
  "i2t_R@10": 0.6800000071525574,
  "t2i_R@10": 0.2199999988079071,
  "mean_R@10": 0.45000000298023224,
  "avg_train_loss": 1.3709818124771118,
  "tau": 0.052095167338848114
}