{
  "i2t_R@1": 0.20000000298023224,
  "t2i_R@1": 0.029999999329447746,
  "i2t_R@5": 0.49000000953674316,
  "t2i_R@5": 0.12999999523162842,
  "i2t_R@10": 0.6800000071525574,
  "t2i_R@10": 0.1599999964237213,
  "mean_R@10": 0.42000000178813934,
  "avg_train_loss": 1.4072719812393188,
  "tau": 0.051974691450595856
}