{
  "i2t_R@1": 0.2800000011920929,
  "t2i_R@1": 0.07000000029802322,
  "i2t_R@5": 0.5899999737739563,
  "t2i_R@5": 0.1899999976158142,
  "i2t_R@10": 0.7400000095367432,
  "t2i_R@10": 0.27000001072883606,
  "mean_R@10": 0.5050000101327896,
  "avg_train_loss": 1.2837724685668945,
  "tau": 0.052168600261211395
}