{
  "i2t_R@1": 0.23000000417232513,
  "t2i_R@1": 0.18000000715255737,
  "i2t_R@5": 0.5799999833106995,
  "t2i_R@5": 0.5299999713897705,
  "i2t_R@10": 0.7599999904632568,
  "t2i_R@10": 0.7599999904632568,
  "mean_R@10": 0.7599999904632568,
  "avg_train_loss": 0.9749181866645813,
  "tau": 0.052124302834272385
}