{
  "i2t_R@1": 0.09000000357627869,
  "t2i_R@1": 0.03999999910593033,
  "i2t_R@5": 0.3700000047683716,
  "t2i_R@5": 0.05999999865889549,
  "i2t_R@10": 0.5699999928474426,
  "t2i_R@10": 0.15000000596046448,
  "mean_R@10": 0.35999999940395355,
  "avg_train_loss": 1.5573487877845764,
  "tau": 0.05166498199105263
}