{
  "i2t_R@1": 0.15000000596046448,
  "t2i_R@1": 0.05999999865889549,
  "i2t_R@5": 0.44999998807907104,
  "t2i_R@5": 0.1599999964237213,
  "i2t_R@10": 0.6000000238418579,
  "t2i_R@10": 0.2199999988079071,
  "mean_R@10": 0.4100000113248825,
  "avg_train_loss": 1.3763206005096436,
  "tau": 0.0518343485891819
}