{
  "i2t_R@1": 0.23999999463558197,
  "t2i_R@1": 0.15000000596046448,
  "i2t_R@5": 0.6000000238418579,
  "t2i_R@5": 0.4699999988079071,
  "i2t_R@10": 0.7599999904632568,
  "t2i_R@10": 0.699999988079071,
  "mean_R@10": 0.7299999892711639,
  "avg_train_loss": 0.9936886131763458,
  "tau": 0.052131474018096924
}