{
  "i2t_R@1": 0.0,
  "t2i_R@1": 0.019999999552965164,
  "i2t_R@5": 0.05999999865889549,
  "t2i_R@5": 0.07999999821186066,
  "i2t_R@10": 0.15000000596046448,
  "t2i_R@10": 0.10999999940395355,
  "mean_R@10": 0.13000000268220901,
  "avg_train_loss": 5.961433172225952,
  "tau": 0.05047066882252693
}