{
  "i2t_R@1": 0.23999999463558197,
  "t2i_R@1": 0.10000000149011612,
  "i2t_R@5": 0.5600000023841858,
  "t2i_R@5": 0.44999998807907104,
  "i2t_R@10": 0.75,
  "t2i_R@10": 0.6299999952316284,
  "mean_R@10": 0.6899999976158142,
  "avg_train_loss": 1.050467610359192,
  "tau": 0.05214665085077286
}