{
  "i2t_R@1": 0.23000000417232513,
  "t2i_R@1": 0.05000000074505806,
  "i2t_R@5": 0.5600000023841858,
  "t2i_R@5": 0.2800000011920929,
  "i2t_R@10": 0.7400000095367432,
  "t2i_R@10": 0.5199999809265137,
  "mean_R@10": 0.6299999952316284,
  "avg_train_loss": 1.111682653427124,
  "tau": 0.052169494330883026
}