{
  "i2t_R@1": 0.25,
  "t2i_R@1": 0.05999999865889549,
  "i2t_R@5": 0.5600000023841858,
  "t2i_R@5": 0.25999999046325684,
  "i2t_R@10": 0.7400000095367432,
  "t2i_R@10": 0.46000000834465027,
  "mean_R@10": 0.6000000089406967,
  "avg_train_loss": 1.1620973944664001,
  "tau": 0.052195001393556595
}