{
  "i2t_R@1": 0.05000000074505806,
  "t2i_R@1": 0.019999999552965164,
  "i2t_R@5": 0.27000001072883606,
  "t2i_R@5": 0.07000000029802322,
  "i2t_R@10": 0.41999998688697815,
  "t2i_R@10": 0.17000000178813934,
  "mean_R@10": 0.29499999433755875,
  "avg_train_loss": 1.4253352880477905,
  "tau": 0.051472652703523636
}