{
  "i2t_R@1": 0.03999999910593033,
  "t2i_R@1": 0.019999999552965164,
  "i2t_R@5": 0.23999999463558197,
  "t2i_R@5": 0.07999999821186066,
  "i2t_R@10": 0.38999998569488525,
  "t2i_R@10": 0.11999999731779099,
  "mean_R@10": 0.2549999915063381,
  "avg_train_loss": 2.0355570316314697,
  "tau": 0.05125628784298897
}