{
  "i2t_R@1": 0.019999999552965164,
  "t2i_R@1": 0.029999999329447746,
  "i2t_R@5": 0.09000000357627869,
  "t2i_R@5": 0.10000000149011612,
  "i2t_R@10": 0.3199999928474426,
  "t2i_R@10": 0.18000000715255737,
  "mean_R@10": 0.25,
  "avg_train_loss": 1.8333237171173096,
  "tau": 0.05101236328482628
}