{
  "i2t_R@1": 0.23000000417232513,
  "t2i_R@1": 0.1899999976158142,
  "i2t_R@5": 0.5799999833106995,
  "t2i_R@5": 0.550000011920929,
  "i2t_R@10": 0.7799999713897705,
  "t2i_R@10": 0.7599999904632568,
  "mean_R@10": 0.7699999809265137,
  "avg_train_loss": 0.9283919036388397,
  "tau": 0.052121855318546295,
  "duration_sec": 2.132880926132202,
  "params": {
    "lr": 0.0027794507717041872,
    "dropout": 0.2,
    "hidden_mult": 1.0,
    "proj_dim": 512,
    "label_smoothing": 0.1,
    "warmup_frac": 0.05,
    "use_pos_weight_balancing": true
  },
  "run_name": "trial_014",
  "score": 0.6771607905626297
}