{
  "i2t_R@1": 0.5400000214576721,
  "t2i_R@1": 0.4099999964237213,
  "i2t_R@5": 0.9200000166893005,
  "t2i_R@5": 0.7900000214576721,
  "i2t_R@10": 0.949999988079071,
  "t2i_R@10": 0.8999999761581421,
  "mean_R@10": 0.9249999821186066,
  "avg_train_loss": 1.1220412850379944,
  "tau": 0.05047652870416641
}