{
  "i2t_R@1": 0.49000000953674316,
  "t2i_R@1": 0.2199999988079071,
  "i2t_R@5": 0.8199999928474426,
  "t2i_R@5": 0.6499999761581421,
  "i2t_R@10": 0.8600000143051147,
  "t2i_R@10": 0.8100000023841858,
  "mean_R@10": 0.8350000083446503,
  "avg_train_loss": 1.2115429043769836,
  "tau": 0.05046892166137695
}