{
  "i2t_R@1": 0.5400000214576721,
  "t2i_R@1": 0.029999999329447746,
  "i2t_R@5": 0.8799999952316284,
  "t2i_R@5": 0.28999999165534973,
  "i2t_R@10": 0.9200000166893005,
  "t2i_R@10": 0.46000000834465027,
  "mean_R@10": 0.6900000125169754,
  "avg_train_loss": 1.9904001355171204,
  "tau": 0.05042068287730217
}