{
  "i2t_R@1": 0.2800000011920929,
  "t2i_R@1": 0.029999999329447746,
  "i2t_R@5": 0.6000000238418579,
  "t2i_R@5": 0.20999999344348907,
  "i2t_R@10": 0.6899999976158142,
  "t2i_R@10": 0.36000001430511475,
  "mean_R@10": 0.5250000059604645,
  "avg_train_loss": 1.7620664238929749,
  "tau": 0.050320155918598175
}