{
  "i2t_R@1": 0.03999999910593033,
  "t2i_R@1": 0.029999999329447746,
  "i2t_R@5": 0.20000000298023224,
  "t2i_R@5": 0.07999999821186066,
  "i2t_R@10": 0.27000001072883606,
  "t2i_R@10": 0.20000000298023224,
  "mean_R@10": 0.23500000685453415,
  "avg_train_loss": 1.6025512218475342,
  "tau": 0.05012870579957962
}