{
  "i2t_R@1": 0.029999999329447746,
  "t2i_R@1": 0.019999999552965164,
  "i2t_R@5": 0.12999999523162842,
  "t2i_R@5": 0.09000000357627869,
  "i2t_R@10": 0.17000000178813934,
  "t2i_R@10": 0.18000000715255737,
  "mean_R@10": 0.17500000447034836,
  "avg_train_loss": 2.392594039440155,
  "tau": 0.05007976293563843
}