{
  "i2t_R@1": 0.5400000214576721,
  "t2i_R@1": 0.4300000071525574,
  "i2t_R@5": 0.949999988079071,
  "t2i_R@5": 0.8100000023841858,
  "i2t_R@10": 0.9900000095367432,
  "t2i_R@10": 0.9200000166893005,
  "mean_R@10": 0.9550000131130219,
  "avg_train_loss": 0.6731067895889282,
  "tau": 0.05040498450398445
}