{
  "i2t_R@1": 0.7799999713897705,
  "t2i_R@1": 0.8199999928474426,
  "i2t_R@5": 1.0,
  "t2i_R@5": 0.9700000286102295,
  "i2t_R@10": 1.0,
  "t2i_R@10": 1.0,
  "mean_R@10": 1.0,
  "avg_train_loss": 0.25095921754837036,
  "tau": 0.050279416143894196
}