{
  "i2t_R@1": 0.5600000023841858,
  "t2i_R@1": 0.5600000023841858,
  "i2t_R@5": 0.9599999785423279,
  "t2i_R@5": 0.9200000166893005,
  "i2t_R@10": 0.9900000095367432,
  "t2i_R@10": 0.9900000095367432,
  "mean_R@10": 0.9900000095367432,
  "avg_train_loss": 0.43491406738758087,
  "tau": 0.05036168172955513
}