{
  "i2t_R@1": 0.0,
  "t2i_R@1": 0.009999999776482582,
  "i2t_R@5": 0.05999999865889549,
  "t2i_R@5": 0.05000000074505806,
  "i2t_R@10": 0.10000000149011612,
  "t2i_R@10": 0.10000000149011612,
  "mean_R@10": 0.10000000149011612,
  "avg_train_loss": 1.4674915671348572,
  "tau": 0.050005994737148285
}