{
  "i2t_R@1": 0.4399999976158142,
  "t2i_R@1": 0.4000000059604645,
  "i2t_R@5": 0.9200000166893005,
  "t2i_R@5": 0.75,
  "i2t_R@10": 0.9599999785423279,
  "t2i_R@10": 0.9100000262260437,
  "mean_R@10": 0.9350000023841858,
  "avg_train_loss": 0.7996541559696198,
  "tau": 0.050429146736860275
}