{
  "i2t_R@1": 0.1599999964237213,
  "t2i_R@1": 0.03999999910593033,
  "i2t_R@5": 0.3100000023841858,
  "t2i_R@5": 0.12999999523162842,
  "i2t_R@10": 0.41999998688697815,
  "t2i_R@10": 0.1899999976158142,
  "mean_R@10": 0.3049999922513962,
  "avg_train_loss": 1.6516738533973694,
  "tau": 0.050174959003925323
}