{
  "i2t_R@1": 0.6600000262260437,
  "t2i_R@1": 0.7799999713897705,
  "i2t_R@5": 0.9800000190734863,
  "t2i_R@5": 0.9599999785423279,
  "i2t_R@10": 1.0,
  "t2i_R@10": 0.9800000190734863,
  "mean_R@10": 0.9900000095367432,
  "avg_train_loss": 0.3463830053806305,
  "tau": 0.05031701177358627
}