{
  "i2t_R@1": 0.8199999928474426,
  "t2i_R@1": 0.7900000214576721,
  "i2t_R@5": 1.0,
  "t2i_R@5": 0.9900000095367432,
  "i2t_R@10": 1.0,
  "t2i_R@10": 1.0,
  "mean_R@10": 1.0,
  "avg_train_loss": 0.2110818326473236,
  "tau": 0.05023396760225296
}