{
  "i2t_R@1": 0.009999999776482582,
  "t2i_R@1": 0.029999999329447746,
  "i2t_R@5": 0.20999999344348907,
  "t2i_R@5": 0.1899999976158142,
  "i2t_R@10": 0.5299999713897705,
  "t2i_R@10": 0.3199999928474426,
  "mean_R@10": 0.42499998211860657,
  "avg_train_loss": 2.4286115169525146,
  "tau": 0.05027055740356445
}