{
  "i2t_R@1": 0.5099999904632568,
  "t2i_R@1": 0.5199999809265137,
  "i2t_R@5": 0.9399999976158142,
  "t2i_R@5": 0.8899999856948853,
  "i2t_R@10": 0.9900000095367432,
  "t2i_R@10": 0.9599999785423279,
  "mean_R@10": 0.9749999940395355,
  "avg_train_loss": 0.5789676606655121,
  "tau": 0.05038445442914963
}