{
  "i2t_R@1": 0.4399999976158142,
  "t2i_R@1": 0.029999999329447746,
  "i2t_R@5": 0.7400000095367432,
  "t2i_R@5": 0.27000001072883606,
  "i2t_R@10": 0.8500000238418579,
  "t2i_R@10": 0.41999998688697815,
  "mean_R@10": 0.635000005364418,
  "avg_train_loss": 2.156099796295166,
  "tau": 0.05036938935518265
}