{
  "i2t_R@1": 0.8799999952316284,
  "t2i_R@1": 0.8100000023841858,
  "i2t_R@5": 1.0,
  "t2i_R@5": 1.0,
  "i2t_R@10": 1.0,
  "t2i_R@10": 1.0,
  "mean_R@10": 1.0,
  "avg_train_loss": 0.17231082171201706,
  "tau": 0.05020895600318909
}