{
  "i2t_R@1": 0.009999999776482582,
  "t2i_R@1": 0.019999999552965164,
  "i2t_R@5": 0.07000000029802322,
  "t2i_R@5": 0.07000000029802322,
  "i2t_R@10": 0.1599999964237213,
  "t2i_R@10": 0.10999999940395355,
  "mean_R@10": 0.13499999791383743,
  "avg_train_loss": 3.8362038135528564,
  "tau": 0.05003230273723602
}