{
  "i2t_R@1": 0.4699999988079071,
  "t2i_R@1": 0.2800000011920929,
  "i2t_R@5": 0.8100000023841858,
  "t2i_R@5": 0.6700000166893005,
  "i2t_R@10": 0.8899999856948853,
  "t2i_R@10": 0.8199999928474426,
  "mean_R@10": 0.8549999892711639,
  "avg_train_loss": 1.2803587913513184,
  "tau": 0.050448376685380936
}