{
  "i2t_R@1": 0.800000011920929,
  "t2i_R@1": 0.8199999928474426,
  "i2t_R@5": 1.0,
  "t2i_R@5": 0.9900000095367432,
  "i2t_R@10": 1.0,
  "t2i_R@10": 1.0,
  "mean_R@10": 1.0,
  "avg_train_loss": 0.28793656826019287,
  "tau": 0.050262756645679474
}