{
  "i2t_R@1": 0.6299999952316284,
  "t2i_R@1": 0.6200000047683716,
  "i2t_R@5": 0.9800000190734863,
  "t2i_R@5": 0.9599999785423279,
  "i2t_R@10": 0.9900000095367432,
  "t2i_R@10": 0.9800000190734863,
  "mean_R@10": 0.9850000143051147,
  "avg_train_loss": 0.41229425370693207,
  "tau": 0.05033880099654198
}