{
  "i2t_R@1": 0.8199999928474426,
  "t2i_R@1": 0.8399999737739563,
  "i2t_R@5": 1.0,
  "t2i_R@5": 1.0,
  "i2t_R@10": 1.0,
  "t2i_R@10": 1.0,
  "mean_R@10": 1.0,
  "avg_train_loss": 0.2192903459072113,
  "tau": 0.050221703946590424
}