{
  "i2t_R@1": 0.5699999928474426,
  "t2i_R@1": 0.47999998927116394,
  "i2t_R@5": 0.9300000071525574,
  "t2i_R@5": 0.8100000023841858,
  "i2t_R@10": 0.9700000286102295,
  "t2i_R@10": 0.9100000262260437,
  "mean_R@10": 0.9400000274181366,
  "avg_train_loss": 0.9721042215824127,
  "tau": 0.050455231219530106
}