{
  "i2t_R@1": 0.019999999552965164,
  "t2i_R@1": 0.07000000029802322,
  "i2t_R@5": 0.12999999523162842,
  "t2i_R@5": 0.20999999344348907,
  "i2t_R@10": 0.49000000953674316,
  "t2i_R@10": 0.3199999928474426,
  "mean_R@10": 0.4050000011920929,
  "avg_train_loss": 1.7004477381706238,
  "tau": 0.05022174119949341
}