{
  "i2t_R@1": 0.10999999940395355,
  "t2i_R@1": 0.019999999552965164,
  "i2t_R@5": 0.1899999976158142,
  "t2i_R@5": 0.09000000357627869,
  "i2t_R@10": 0.27000001072883606,
  "t2i_R@10": 0.14000000059604645,
  "mean_R@10": 0.20500000566244125,
  "avg_train_loss": 2.9101815223693848,
  "tau": 0.050591226667165756
}