{
  "i2t_R@1": 0.33000001311302185,
  "t2i_R@1": 0.1599999964237213,
  "i2t_R@5": 0.800000011920929,
  "t2i_R@5": 0.44999998807907104,
  "i2t_R@10": 0.8700000047683716,
  "t2i_R@10": 0.6800000071525574,
  "mean_R@10": 0.7750000059604645,
  "avg_train_loss": 1.0935811400413513,
  "tau": 0.05153548717498779
}