{
  "i2t_R@1": 0.33000001311302185,
  "t2i_R@1": 0.3100000023841858,
  "i2t_R@5": 0.7799999713897705,
  "t2i_R@5": 0.699999988079071,
  "i2t_R@10": 0.8999999761581421,
  "t2i_R@10": 0.8899999856948853,
  "mean_R@10": 0.8949999809265137,
  "avg_train_loss": 0.7423228919506073,
  "tau": 0.051427289843559265
}