{
  "i2t_R@1": 0.05999999865889549,
  "t2i_R@1": 0.019999999552965164,
  "i2t_R@5": 0.18000000715255737,
  "t2i_R@5": 0.07000000029802322,
  "i2t_R@10": 0.25,
  "t2i_R@10": 0.11999999731779099,
  "mean_R@10": 0.1849999986588955,
  "avg_train_loss": 1.8045473098754883,
  "tau": 0.05096830427646637
}