{
  "i2t_R@1": 0.20000000298023224,
  "t2i_R@1": 0.029999999329447746,
  "i2t_R@5": 0.4699999988079071,
  "t2i_R@5": 0.20999999344348907,
  "i2t_R@10": 0.6399999856948853,
  "t2i_R@10": 0.25999999046325684,
  "mean_R@10": 0.44999998807907104,
  "avg_train_loss": 1.3367246389389038,
  "tau": 0.051469020545482635
}