{
  "i2t_R@1": 0.019999999552965164,
  "t2i_R@1": 0.009999999776482582,
  "i2t_R@5": 0.07000000029802322,
  "t2i_R@5": 0.05999999865889549,
  "i2t_R@10": 0.11999999731779099,
  "t2i_R@10": 0.11999999731779099,
  "mean_R@10": 0.11999999731779099,
  "avg_train_loss": 1.3738033771514893,
  "tau": 0.05003100261092186
}