{
  "i2t_R@1": 0.3499999940395355,
  "t2i_R@1": 0.33000001311302185,
  "i2t_R@5": 0.7699999809265137,
  "t2i_R@5": 0.6499999761581421,
  "i2t_R@10": 0.8899999856948853,
  "t2i_R@10": 0.8299999833106995,
  "mean_R@10": 0.8599999845027924,
  "avg_train_loss": 0.8133015334606171,
  "tau": 0.051449231803417206
}