{
  "i2t_R@1": 0.0,
  "t2i_R@1": 0.029999999329447746,
  "i2t_R@5": 0.07000000029802322,
  "t2i_R@5": 0.07000000029802322,
  "i2t_R@10": 0.2199999988079071,
  "t2i_R@10": 0.12999999523162842,
  "mean_R@10": 0.17499999701976776,
  "avg_train_loss": 4.174903750419617,
  "tau": 0.050370700657367706
}