{
  "i2t_R@1": 0.019999999552965164,
  "t2i_R@1": 0.009999999776482582,
  "i2t_R@5": 0.05000000074505806,
  "t2i_R@5": 0.05999999865889549,
  "i2t_R@10": 0.15000000596046448,
  "t2i_R@10": 0.11999999731779099,
  "mean_R@10": 0.13500000163912773,
  "avg_train_loss": 6.4884934425354,
  "tau": 0.05015363171696663
}