{
  "i2t_R@1": 0.10000000149011612,
  "t2i_R@1": 0.05000000074505806,
  "i2t_R@5": 0.30000001192092896,
  "t2i_R@5": 0.20999999344348907,
  "i2t_R@10": 0.5299999713897705,
  "t2i_R@10": 0.28999999165534973,
  "mean_R@10": 0.4099999815225601,
  "avg_train_loss": 1.3742209672927856,
  "tau": 0.05138381943106651
}