{
  "i2t_R@1": 0.3499999940395355,
  "t2i_R@1": 0.20999999344348907,
  "i2t_R@5": 0.7400000095367432,
  "t2i_R@5": 0.5199999809265137,
  "i2t_R@10": 0.8700000047683716,
  "t2i_R@10": 0.6899999976158142,
  "mean_R@10": 0.7800000011920929,
  "avg_train_loss": 0.988503485918045,
  "tau": 0.051505036652088165
}