{
  "i2t_R@1": 0.10999999940395355,
  "t2i_R@1": 0.009999999776482582,
  "i2t_R@5": 0.30000001192092896,
  "t2i_R@5": 0.11999999731779099,
  "i2t_R@10": 0.46000000834465027,
  "t2i_R@10": 0.17000000178813934,
  "mean_R@10": 0.3150000050663948,
  "avg_train_loss": 1.398605465888977,
  "tau": 0.05127616226673126
}