{
  "i2t_R@1": 0.019999999552965164,
  "t2i_R@1": 0.019999999552965164,
  "i2t_R@5": 0.10000000149011612,
  "t2i_R@5": 0.07999999821186066,
  "i2t_R@10": 0.25,
  "t2i_R@10": 0.11999999731779099,
  "mean_R@10": 0.1849999986588955,
  "avg_train_loss": 1.730394423007965,
  "tau": 0.05078423395752907
}