{
  "i2t_R@1": 0.10999999940395355,
  "t2i_R@1": 0.019999999552965164,
  "i2t_R@5": 0.25,
  "t2i_R@5": 0.09000000357627869,
  "i2t_R@10": 0.3799999952316284,
  "t2i_R@10": 0.14000000059604645,
  "mean_R@10": 0.25999999791383743,
  "avg_train_loss": 1.5296686887741089,
  "tau": 0.05113588646054268
}