{
  "i2t_R@1": 0.33000001311302185,
  "t2i_R@1": 0.33000001311302185,
  "i2t_R@5": 0.7799999713897705,
  "t2i_R@5": 0.7099999785423279,
  "i2t_R@10": 0.8999999761581421,
  "t2i_R@10": 0.8700000047683716,
  "mean_R@10": 0.8849999904632568,
  "avg_train_loss": 0.7547381222248077,
  "tau": 0.05143403634428978
}