{
  "i2t_R@1": 0.30000001192092896,
  "t2i_R@1": 0.07999999821186066,
  "i2t_R@5": 0.75,
  "t2i_R@5": 0.30000001192092896,
  "i2t_R@10": 0.8700000047683716,
  "t2i_R@10": 0.41999998688697815,
  "mean_R@10": 0.6449999958276749,
  "avg_train_loss": 1.2177749276161194,
  "tau": 0.05154593288898468
}