{
  "i2t_R@1": 0.23999999463558197,
  "t2i_R@1": 0.05000000074505806,
  "i2t_R@5": 0.6100000143051147,
  "t2i_R@5": 0.2800000011920929,
  "i2t_R@10": 0.8100000023841858,
  "t2i_R@10": 0.3499999940395355,
  "mean_R@10": 0.5799999982118607,
  "avg_train_loss": 1.2675967812538147,
  "tau": 0.05151449143886566
}