{
  "i2t_R@1": 0.3199999928474426,
  "t2i_R@1": 0.05999999865889549,
  "i2t_R@5": 0.7099999785423279,
  "t2i_R@5": 0.2199999988079071,
  "i2t_R@10": 0.8700000047683716,
  "t2i_R@10": 0.33000001311302185,
  "mean_R@10": 0.6000000089406967,
  "avg_train_loss": 1.2149268984794617,
  "tau": 0.051534149795770645
}