{
  "i2t_R@1": 0.33000001311302185,
  "t2i_R@1": 0.28999999165534973,
  "i2t_R@5": 0.75,
  "t2i_R@5": 0.6100000143051147,
  "i2t_R@10": 0.8700000047683716,
  "t2i_R@10": 0.7900000214576721,
  "mean_R@10": 0.8300000131130219,
  "avg_train_loss": 0.8950474262237549,
  "tau": 0.05147400498390198
}