{
  "i2t_R@1": 0.33000001311302185,
  "t2i_R@1": 0.3100000023841858,
  "i2t_R@5": 0.7799999713897705,
  "t2i_R@5": 0.7200000286102295,
  "i2t_R@10": 0.9100000262260437,
  "t2i_R@10": 0.8799999952316284,
  "mean_R@10": 0.8950000107288361,
  "avg_train_loss": 0.7166740596294403,
  "tau": 0.05142497271299362,
  "duration_sec": 1.7609541416168213,
  "params": {
    "lr": 0.0024187125348798305,
    "dropout": 0.0,
    "hidden_mult": 0.5,
    "proj_dim": 256,
    "label_smoothing": 0.05,
    "warmup_frac": 0.05,
    "use_pos_weight_balancing": true
  },
  "run_name": "trial_011",
  "score": 0.823332604765892
}