{
  "i2t_R@1": 0.09000000357627869,
  "t2i_R@1": 0.07999999821186066,
  "i2t_R@5": 0.4399999976158142,
  "t2i_R@5": 0.20999999344348907,
  "i2t_R@10": 0.6100000143051147,
  "t2i_R@10": 0.2800000011920929,
  "mean_R@10": 0.4450000077486038,
  "avg_train_loss": 0.687169075012207,
  "tau": 0.05349721759557724
}