{
  "i2t_R@1": 0.09000000357627869,
  "t2i_R@1": 0.03999999910593033,
  "i2t_R@5": 0.4399999976158142,
  "t2i_R@5": 0.18000000715255737,
  "i2t_R@10": 0.5899999737739563,
  "t2i_R@10": 0.30000001192092896,
  "mean_R@10": 0.4449999928474426,
  "avg_train_loss": 0.6702204346656799,
  "tau": 0.053640350699424744
}