{
  "i2t_R@1": 0.10000000149011612,
  "t2i_R@1": 0.05000000074505806,
  "i2t_R@5": 0.3799999952316284,
  "t2i_R@5": 0.18000000715255737,
  "i2t_R@10": 0.550000011920929,
  "t2i_R@10": 0.20999999344348907,
  "mean_R@10": 0.380000002682209,
  "avg_train_loss": 0.8607978522777557,
  "tau": 0.052984222769737244
}