{
  "i2t_R@1": 0.009999999776482582,
  "t2i_R@1": 0.029999999329447746,
  "i2t_R@5": 0.07000000029802322,
  "t2i_R@5": 0.07000000029802322,
  "i2t_R@10": 0.17000000178813934,
  "t2i_R@10": 0.10999999940395355,
  "mean_R@10": 0.14000000059604645,
  "avg_train_loss": 4.47747802734375,
  "tau": 0.050271324813365936
}