{
  "i2t_R@1": 0.07999999821186066,
  "t2i_R@1": 0.07000000029802322,
  "i2t_R@5": 0.4099999964237213,
  "t2i_R@5": 0.1599999964237213,
  "i2t_R@10": 0.5799999833106995,
  "t2i_R@10": 0.20000000298023224,
  "mean_R@10": 0.38999999314546585,
  "avg_train_loss": 0.7369721531867981,
  "tau": 0.05320047587156296
}