{
  "i2t_R@1": 0.11999999731779099,
  "t2i_R@1": 0.03999999910593033,
  "i2t_R@5": 0.46000000834465027,
  "t2i_R@5": 0.20999999344348907,
  "i2t_R@10": 0.6100000143051147,
  "t2i_R@10": 0.33000001311302185,
  "mean_R@10": 0.4700000137090683,
  "avg_train_loss": 0.6537359952926636,
  "tau": 0.053696613758802414
}