{
  "i2t_R@1": 0.03999999910593033,
  "t2i_R@1": 0.029999999329447746,
  "i2t_R@5": 0.20000000298023224,
  "t2i_R@5": 0.10000000149011612,
  "i2t_R@10": 0.30000001192092896,
  "t2i_R@10": 0.18000000715255737,
  "mean_R@10": 0.24000000953674316,
  "avg_train_loss": 1.4092086255550385,
  "tau": 0.051728200167417526
}