{
  "i2t_R@1": 0.10000000149011612,
  "t2i_R@1": 0.05999999865889549,
  "i2t_R@5": 0.46000000834465027,
  "t2i_R@5": 0.20999999344348907,
  "i2t_R@10": 0.6200000047683716,
  "t2i_R@10": 0.3400000035762787,
  "mean_R@10": 0.48000000417232513,
  "avg_train_loss": 0.6597257852554321,
  "tau": 0.053694821894168854
}