{
  "i2t_R@1": 0.019999999552965164,
  "t2i_R@1": 0.019999999552965164,
  "i2t_R@5": 0.05000000074505806,
  "t2i_R@5": 0.05999999865889549,
  "i2t_R@10": 0.10000000149011612,
  "t2i_R@10": 0.09000000357627869,
  "mean_R@10": 0.0950000025331974,
  "avg_train_loss": 0.7075523138046265,
  "tau": 0.05005474388599396
}