{
  "i2t_R@1": 0.10999999940395355,
  "t2i_R@1": 0.07000000029802322,
  "i2t_R@5": 0.44999998807907104,
  "t2i_R@5": 0.20000000298023224,
  "i2t_R@10": 0.6100000143051147,
  "t2i_R@10": 0.3499999940395355,
  "mean_R@10": 0.48000000417232513,
  "avg_train_loss": 0.6616512835025787,
  "tau": 0.05368838086724281
}