{
  "i2t_R@1": 0.009999999776482582,
  "t2i_R@1": 0.019999999552965164,
  "i2t_R@5": 0.07999999821186066,
  "t2i_R@5": 0.09000000357627869,
  "i2t_R@10": 0.17000000178813934,
  "t2i_R@10": 0.1599999964237213,
  "mean_R@10": 0.16499999910593033,
  "avg_train_loss": 1.437736451625824,
  "tau": 0.05135470628738403
}