{
  "i2t_R@1": 0.10000000149011612,
  "t2i_R@1": 0.05000000074505806,
  "i2t_R@5": 0.3400000035762787,
  "t2i_R@5": 0.12999999523162842,
  "i2t_R@10": 0.5400000214576721,
  "t2i_R@10": 0.2199999988079071,
  "mean_R@10": 0.3800000101327896,
  "avg_train_loss": 1.0470787584781647,
  "tau": 0.05271431431174278
}