{
  "i2t_R@1": 0.05999999865889549,
  "t2i_R@1": 0.029999999329447746,
  "i2t_R@5": 0.27000001072883606,
  "t2i_R@5": 0.12999999523162842,
  "i2t_R@10": 0.4699999988079071,
  "t2i_R@10": 0.2199999988079071,
  "mean_R@10": 0.3449999988079071,
  "avg_train_loss": 0.8691076934337616,
  "tau": 0.052418339997529984
}