{
  "i2t_R@1": 0.07000000029802322,
  "t2i_R@1": 0.019999999552965164,
  "i2t_R@5": 0.2800000011920929,
  "t2i_R@5": 0.10999999940395355,
  "i2t_R@10": 0.4099999964237213,
  "t2i_R@10": 0.1899999976158142,
  "mean_R@10": 0.29999999701976776,
  "avg_train_loss": 1.2959457635879517,
  "tau": 0.05208951607346535
}