{
  "i2t_R@1": 0.09000000357627869,
  "t2i_R@1": 0.07000000029802322,
  "i2t_R@5": 0.4699999988079071,
  "t2i_R@5": 0.20999999344348907,
  "i2t_R@10": 0.6000000238418579,
  "t2i_R@10": 0.28999999165534973,
  "mean_R@10": 0.4450000077486038,
  "avg_train_loss": 0.6930970847606659,
  "tau": 0.05358637124300003
}