{
  "i2t_R@1": 0.07999999821186066,
  "t2i_R@1": 0.05000000074505806,
  "i2t_R@5": 0.4399999976158142,
  "t2i_R@5": 0.1899999976158142,
  "i2t_R@10": 0.6000000238418579,
  "t2i_R@10": 0.3100000023841858,
  "mean_R@10": 0.45500001311302185,
  "avg_train_loss": 0.6685493588447571,
  "tau": 0.05367173254489899
}