{
  "i2t_R@1": 0.09000000357627869,
  "t2i_R@1": 0.07000000029802322,
  "i2t_R@5": 0.44999998807907104,
  "t2i_R@5": 0.1899999976158142,
  "i2t_R@10": 0.5899999737739563,
  "t2i_R@10": 0.28999999165534973,
  "mean_R@10": 0.439999982714653,
  "avg_train_loss": 0.7229454815387726,
  "tau": 0.05337534472346306
}