{
  "i2t_R@1": 0.05000000074505806,
  "t2i_R@1": 0.009999999776482582,
  "i2t_R@5": 0.1599999964237213,
  "t2i_R@5": 0.05000000074505806,
  "i2t_R@10": 0.23999999463558197,
  "t2i_R@10": 0.10000000149011612,
  "mean_R@10": 0.16999999806284904,
  "avg_train_loss": 1.2876265048980713,
  "tau": 0.05062670260667801
}