{
  "i2t_R@1": 0.12999999523162842,
  "t2i_R@1": 0.03999999910593033,
  "i2t_R@5": 0.46000000834465027,
  "t2i_R@5": 0.20999999344348907,
  "i2t_R@10": 0.6100000143051147,
  "t2i_R@10": 0.33000001311302185,
  "mean_R@10": 0.4700000137090683,
  "avg_train_loss": 0.6616840064525604,
  "tau": 0.053696829825639725,
  "duration_sec": 1.7003369331359863,
  "params": {
    "lr": 0.004246866611644426,
    "dropout": 0.1,
    "hidden_mult": 0.5,
    "proj_dim": 256,
    "label_smoothing": 0.0,
    "warmup_frac": 0.0,
    "use_pos_weight_balancing": false
  },
  "run_name": "trial_022",
  "score": 0.40383161306381227
}