{
  "i2t_R@1": 0.0,
  "t2i_R@1": 0.009999999776482582,
  "i2t_R@5": 0.15000000596046448,
  "t2i_R@5": 0.07999999821186066,
  "i2t_R@10": 0.3100000023841858,
  "t2i_R@10": 0.17000000178813934,
  "mean_R@10": 0.24000000208616257,
  "avg_train_loss": 0.8262636363506317,
  "tau": 0.0504373237490654
}