{
  "i2t_R@1": 0.0,
  "t2i_R@1": 0.009999999776482582,
  "i2t_R@5": 0.1599999964237213,
  "t2i_R@5": 0.10000000149011612,
  "i2t_R@10": 0.4099999964237213,
  "t2i_R@10": 0.20000000298023224,
  "mean_R@10": 0.3049999997019768,
  "avg_train_loss": 0.7601410448551178,
  "tau": 0.050568219274282455
}