{
  "i2t_R@1": 0.03999999910593033,
  "t2i_R@1": 0.029999999329447746,
  "i2t_R@5": 0.20000000298023224,
  "t2i_R@5": 0.11999999731779099,
  "i2t_R@10": 0.23999999463558197,
  "t2i_R@10": 0.1899999976158142,
  "mean_R@10": 0.2149999961256981,
  "avg_train_loss": 2.3765310049057007,
  "tau": 0.050174273550510406
}