{
  "i2t_R@1": 0.009999999776482582,
  "t2i_R@1": 0.009999999776482582,
  "i2t_R@5": 0.12999999523162842,
  "t2i_R@5": 0.11999999731779099,
  "i2t_R@10": 0.2800000011920929,
  "t2i_R@10": 0.20000000298023224,
  "mean_R@10": 0.24000000208616257,
  "avg_train_loss": 1.2208518981933594,
  "tau": 0.05027185380458832
}