{
  "i2t_R@1": 0.3199999928474426,
  "t2i_R@1": 0.10000000149011612,
  "i2t_R@5": 0.75,
  "t2i_R@5": 0.3400000035762787,
  "i2t_R@10": 0.8600000143051147,
  "t2i_R@10": 0.5400000214576721,
  "mean_R@10": 0.7000000178813934,
  "avg_train_loss": 0.687102198600769,
  "tau": 0.05080542713403702
}