{
  "i2t_R@1": 0.3199999928474426,
  "t2i_R@1": 0.20000000298023224,
  "i2t_R@5": 0.7200000286102295,
  "t2i_R@5": 0.6000000238418579,
  "i2t_R@10": 0.8799999952316284,
  "t2i_R@10": 0.7799999713897705,
  "mean_R@10": 0.8299999833106995,
  "avg_train_loss": 0.6382759809494019,
  "tau": 0.05082017183303833
}