{
  "i2t_R@1": 0.3400000035762787,
  "t2i_R@1": 0.1899999976158142,
  "i2t_R@5": 0.7300000190734863,
  "t2i_R@5": 0.5799999833106995,
  "i2t_R@10": 0.8799999952316284,
  "t2i_R@10": 0.75,
  "mean_R@10": 0.8149999976158142,
  "avg_train_loss": 0.6594981849193573,
  "tau": 0.050819408148527145
}