{
  "i2t_R@1": 0.11999999731779099,
  "t2i_R@1": 0.029999999329447746,
  "i2t_R@5": 0.30000001192092896,
  "t2i_R@5": 0.10999999940395355,
  "i2t_R@10": 0.4000000059604645,
  "t2i_R@10": 0.20000000298023224,
  "mean_R@10": 0.30000000447034836,
  "avg_train_loss": 0.8946931660175323,
  "tau": 0.05035794526338577
}