{
  "i2t_R@1": 0.30000001192092896,
  "t2i_R@1": 0.03999999910593033,
  "i2t_R@5": 0.6899999976158142,
  "t2i_R@5": 0.1599999964237213,
  "i2t_R@10": 0.7900000214576721,
  "t2i_R@10": 0.28999999165534973,
  "mean_R@10": 0.5400000065565109,
  "avg_train_loss": 0.747344046831131,
  "tau": 0.05076253041625023
}