{
  "i2t_R@1": 0.3100000023841858,
  "t2i_R@1": 0.2199999988079071,
  "i2t_R@5": 0.7200000286102295,
  "t2i_R@5": 0.6000000238418579,
  "i2t_R@10": 0.8799999952316284,
  "t2i_R@10": 0.7900000214576721,
  "mean_R@10": 0.8350000083446503,
  "avg_train_loss": 0.6374565660953522,
  "tau": 0.05081932246685028
}