{
  "i2t_R@1": 0.019999999552965164,
  "t2i_R@1": 0.029999999329447746,
  "i2t_R@5": 0.11999999731779099,
  "t2i_R@5": 0.10000000149011612,
  "i2t_R@10": 0.2199999988079071,
  "t2i_R@10": 0.17000000178813934,
  "mean_R@10": 0.19500000029802322,
  "avg_train_loss": 4.483758807182312,
  "tau": 0.050072602927684784
}