{
  "i2t_R@1": 0.3100000023841858,
  "t2i_R@1": 0.23000000417232513,
  "i2t_R@5": 0.7200000286102295,
  "t2i_R@5": 0.5899999737739563,
  "i2t_R@10": 0.8799999952316284,
  "t2i_R@10": 0.800000011920929,
  "mean_R@10": 0.8400000035762787,
  "avg_train_loss": 0.6300897598266602,
  "tau": 0.050818756222724915
}