{
  "i2t_R@1": 0.0,
  "t2i_R@1": 0.029999999329447746,
  "i2t_R@5": 0.17000000178813934,
  "t2i_R@5": 0.15000000596046448,
  "i2t_R@10": 0.5299999713897705,
  "t2i_R@10": 0.20999999344348907,
  "mean_R@10": 0.3699999824166298,
  "avg_train_loss": 1.0140933096408844,
  "tau": 0.050626181066036224
}