{
  "i2t_R@1": 0.30000001192092896,
  "t2i_R@1": 0.07999999821186066,
  "i2t_R@5": 0.75,
  "t2i_R@5": 0.25,
  "i2t_R@10": 0.8299999833106995,
  "t2i_R@10": 0.41999998688697815,
  "mean_R@10": 0.6249999850988388,
  "avg_train_loss": 0.675103485584259,
  "tau": 0.0507875420153141
}