{
  "i2t_R@1": 0.3499999940395355,
  "t2i_R@1": 0.1599999964237213,
  "i2t_R@5": 0.75,
  "t2i_R@5": 0.5099999904632568,
  "i2t_R@10": 0.8799999952316284,
  "t2i_R@10": 0.6800000071525574,
  "mean_R@10": 0.7800000011920929,
  "avg_train_loss": 0.6562927663326263,
  "tau": 0.05081477016210556
}