{
  "i2t_R@1": 0.20000000298023224,
  "t2i_R@1": 0.019999999552965164,
  "i2t_R@5": 0.5799999833106995,
  "t2i_R@5": 0.07999999821186066,
  "i2t_R@10": 0.7099999785423279,
  "t2i_R@10": 0.18000000715255737,
  "mean_R@10": 0.4449999928474426,
  "avg_train_loss": 0.8375296592712402,
  "tau": 0.050680454820394516
}