{
  "i2t_R@1": 0.3199999928474426,
  "t2i_R@1": 0.18000000715255737,
  "i2t_R@5": 0.7200000286102295,
  "t2i_R@5": 0.5899999737739563,
  "i2t_R@10": 0.8799999952316284,
  "t2i_R@10": 0.7699999809265137,
  "mean_R@10": 0.824999988079071,
  "avg_train_loss": 0.6461451053619385,
  "tau": 0.05082077905535698
}