{
  "i2t_R@1": 0.25,
  "t2i_R@1": 0.019999999552965164,
  "i2t_R@5": 0.6299999952316284,
  "t2i_R@5": 0.10999999940395355,
  "i2t_R@10": 0.7200000286102295,
  "t2i_R@10": 0.17000000178813934,
  "mean_R@10": 0.4450000151991844,
  "avg_train_loss": 0.7599487006664276,
  "tau": 0.05072501301765442
}