{
  "i2t_R@1": 0.10000000149011612,
  "t2i_R@1": 0.029999999329447746,
  "i2t_R@5": 0.30000001192092896,
  "t2i_R@5": 0.14000000059604645,
  "i2t_R@10": 0.46000000834465027,
  "t2i_R@10": 0.18000000715255737,
  "mean_R@10": 0.3200000077486038,
  "avg_train_loss": 0.7872363030910492,
  "tau": 0.05050649121403694
}