{
  "i2t_R@1": 0.3100000023841858,
  "t2i_R@1": 0.23000000417232513,
  "i2t_R@5": 0.7200000286102295,
  "t2i_R@5": 0.5899999737739563,
  "i2t_R@10": 0.8799999952316284,
  "t2i_R@10": 0.800000011920929,
  "mean_R@10": 0.8400000035762787,
  "avg_train_loss": 0.6300897598266602,
  "tau": 0.050818756222724915,
  "duration_sec": 2.3250529766082764,
  "params": {
    "lr": 0.0011427451449300696,
    "dropout": 0.1,
    "hidden_mult": 1.5,
    "proj_dim": 512,
    "label_smoothing": 0.0,
    "warmup_frac": 0.05,
    "use_pos_weight_balancing": false
  },
  "run_name": "trial_005",
  "score": 0.7769910275936127
}