{
  "i2t_R@1": 0.6200000047683716,
  "t2i_R@1": 0.5400000214576721,
  "i2t_R@5": 0.9700000286102295,
  "t2i_R@5": 0.9200000166893005,
  "i2t_R@10": 1.0,
  "t2i_R@10": 0.9599999785423279,
  "mean_R@10": 0.9799999892711639,
  "avg_train_loss": 0.45193609595298767,
  "tau": 0.05031542479991913
}