{
  "i2t_R@1": 0.009999999776482582,
  "t2i_R@1": 0.05999999865889549,
  "i2t_R@5": 0.23000000417232513,
  "t2i_R@5": 0.1599999964237213,
  "i2t_R@10": 0.550000011920929,
  "t2i_R@10": 0.23000000417232513,
  "mean_R@10": 0.39000000804662704,
  "avg_train_loss": 0.7352566719055176,
  "tau": 0.050257496535778046
}