{
  "i2t_R@1": 0.019999999552965164,
  "t2i_R@1": 0.03999999910593033,
  "i2t_R@5": 0.05999999865889549,
  "t2i_R@5": 0.10999999940395355,
  "i2t_R@10": 0.11999999731779099,
  "t2i_R@10": 0.15000000596046448,
  "mean_R@10": 0.13500000163912773,
  "avg_train_loss": 3.181971549987793,
  "tau": 0.05004633218050003
}