{
  "i2t_R@1": 0.6200000047683716,
  "t2i_R@1": 0.3199999928474426,
  "i2t_R@5": 0.8899999856948853,
  "t2i_R@5": 0.800000011920929,
  "i2t_R@10": 0.9399999976158142,
  "t2i_R@10": 0.9100000262260437,
  "mean_R@10": 0.925000011920929,
  "avg_train_loss": 0.6101071238517761,
  "tau": 0.05035124719142914
}