{
  "i2t_R@1": 0.3700000047683716,
  "t2i_R@1": 0.10999999940395355,
  "i2t_R@5": 0.7400000095367432,
  "t2i_R@5": 0.36000001430511475,
  "i2t_R@10": 0.8399999737739563,
  "t2i_R@10": 0.5099999904632568,
  "mean_R@10": 0.6749999821186066,
  "avg_train_loss": 0.6941037476062775,
  "tau": 0.05032794177532196
}