{
  "i2t_R@1": 0.550000011920929,
  "t2i_R@1": 0.11999999731779099,
  "i2t_R@5": 0.7599999904632568,
  "t2i_R@5": 0.49000000953674316,
  "i2t_R@10": 0.8899999856948853,
  "t2i_R@10": 0.6100000143051147,
  "mean_R@10": 0.75,
  "avg_train_loss": 0.6623663008213043,
  "tau": 0.05034809187054634
}