{
  "i2t_R@1": 0.46000000834465027,
  "t2i_R@1": 0.5,
  "i2t_R@5": 0.8600000143051147,
  "t2i_R@5": 0.8700000047683716,
  "i2t_R@10": 0.9700000286102295,
  "t2i_R@10": 0.9100000262260437,
  "mean_R@10": 0.9400000274181366,
  "avg_train_loss": 0.5022367238998413,
  "tau": 0.050324711948633194
}