{
  "i2t_R@1": 0.6299999952316284,
  "t2i_R@1": 0.41999998688697815,
  "i2t_R@5": 0.8899999856948853,
  "t2i_R@5": 0.8399999737739563,
  "i2t_R@10": 0.9399999976158142,
  "t2i_R@10": 0.9399999976158142,
  "mean_R@10": 0.9399999976158142,
  "avg_train_loss": 0.5999876260757446,
  "tau": 0.050346024334430695
}