{
  "i2t_R@1": 0.6200000047683716,
  "t2i_R@1": 0.5400000214576721,
  "i2t_R@5": 0.9800000190734863,
  "t2i_R@5": 0.9300000071525574,
  "i2t_R@10": 1.0,
  "t2i_R@10": 0.9700000286102295,
  "mean_R@10": 0.9850000143051147,
  "avg_train_loss": 0.44776298105716705,
  "tau": 0.050314538180828094
}