{
  "i2t_R@1": 0.029999999329447746,
  "t2i_R@1": 0.009999999776482582,
  "i2t_R@5": 0.12999999523162842,
  "t2i_R@5": 0.11999999731779099,
  "i2t_R@10": 0.25999999046325684,
  "t2i_R@10": 0.18000000715255737,
  "mean_R@10": 0.2199999988079071,
  "avg_train_loss": 1.6796385645866394,
  "tau": 0.05010830983519554
}