{
  "i2t_R@1": 0.019999999552965164,
  "t2i_R@1": 0.03999999910593033,
  "i2t_R@5": 0.23000000417232513,
  "t2i_R@5": 0.07000000029802322,
  "i2t_R@10": 0.4000000059604645,
  "t2i_R@10": 0.1599999964237213,
  "mean_R@10": 0.2800000011920929,
  "avg_train_loss": 0.8355810046195984,
  "tau": 0.05021274834871292
}