{
  "i2t_R@1": 0.5799999833106995,
  "t2i_R@1": 0.5,
  "i2t_R@5": 0.9399999976158142,
  "t2i_R@5": 0.8799999952316284,
  "i2t_R@10": 0.9900000095367432,
  "t2i_R@10": 0.9300000071525574,
  "mean_R@10": 0.9600000083446503,
  "avg_train_loss": 0.5048613846302032,
  "tau": 0.05032147467136383
}