{
  "i2t_R@1": 0.0,
  "t2i_R@1": 0.03999999910593033,
  "i2t_R@5": 0.18000000715255737,
  "t2i_R@5": 0.07999999821186066,
  "i2t_R@10": 0.33000001311302185,
  "t2i_R@10": 0.20000000298023224,
  "mean_R@10": 0.26500000804662704,
  "avg_train_loss": 0.8656769394874573,
  "tau": 0.0501619316637516
}