{
  "i2t_R@1": 0.6000000238418579,
  "t2i_R@1": 0.5099999904632568,
  "i2t_R@5": 0.9700000286102295,
  "t2i_R@5": 0.9100000262260437,
  "i2t_R@10": 0.9900000095367432,
  "t2i_R@10": 0.9399999976158142,
  "mean_R@10": 0.9650000035762787,
  "avg_train_loss": 0.4725634753704071,
  "tau": 0.05031883344054222
}