{
  "i2t_R@1": 0.0,
  "t2i_R@1": 0.0,
  "i2t_R@5": 0.05000000074505806,
  "t2i_R@5": 0.05000000074505806,
  "i2t_R@10": 0.11999999731779099,
  "t2i_R@10": 0.10000000149011612,
  "mean_R@10": 0.10999999940395355,
  "avg_train_loss": 0.7284190952777863,
  "tau": 0.05000925064086914
}