{
  "i2t_R@1": 0.6200000047683716,
  "t2i_R@1": 0.5400000214576721,
  "i2t_R@5": 0.9700000286102295,
  "t2i_R@5": 0.8999999761581421,
  "i2t_R@10": 1.0,
  "t2i_R@10": 0.9599999785423279,
  "mean_R@10": 0.9799999892711639,
  "avg_train_loss": 0.4599026143550873,
  "tau": 0.05031672120094299
}