{
  "i2t_R@1": 0.6100000143051147,
  "t2i_R@1": 0.5400000214576721,
  "i2t_R@5": 0.949999988079071,
  "t2i_R@5": 0.8500000238418579,
  "i2t_R@10": 0.9700000286102295,
  "t2i_R@10": 0.9399999976158142,
  "mean_R@10": 0.9550000131130219,
  "avg_train_loss": 0.5543480515480042,
  "tau": 0.05033606290817261
}