{
  "i2t_R@1": 0.5600000023841858,
  "t2i_R@1": 0.5099999904632568,
  "i2t_R@5": 0.9100000262260437,
  "t2i_R@5": 0.8399999737739563,
  "i2t_R@10": 0.9700000286102295,
  "t2i_R@10": 0.9100000262260437,
  "mean_R@10": 0.9400000274181366,
  "avg_train_loss": 0.5644316673278809,
  "tau": 0.05032969266176224
}