{
  "i2t_R@1": 0.6700000166893005,
  "t2i_R@1": 0.15000000596046448,
  "i2t_R@5": 0.9200000166893005,
  "t2i_R@5": 0.6000000238418579,
  "i2t_R@10": 0.9700000286102295,
  "t2i_R@10": 0.8100000023841858,
  "mean_R@10": 0.8900000154972076,
  "avg_train_loss": 0.6376226842403412,
  "tau": 0.0503535158932209
}