{
  "i2t_R@1": 0.20999999344348907,
  "t2i_R@1": 0.029999999329447746,
  "i2t_R@5": 0.4699999988079071,
  "t2i_R@5": 0.17000000178813934,
  "i2t_R@10": 0.6200000047683716,
  "t2i_R@10": 0.3400000035762787,
  "mean_R@10": 0.48000000417232513,
  "avg_train_loss": 0.7164428532123566,
  "tau": 0.05029650032520294
}