{
  "i2t_R@1": 0.6200000047683716,
  "t2i_R@1": 0.5400000214576721,
  "i2t_R@5": 0.9800000190734863,
  "t2i_R@5": 0.9300000071525574,
  "i2t_R@10": 1.0,
  "t2i_R@10": 0.9700000286102295,
  "mean_R@10": 0.9850000143051147,
  "avg_train_loss": 0.44776298105716705,
  "tau": 0.050314538180828094,
  "duration_sec": 2.3047797679901123,
  "params": {
    "lr": 0.0007196606532081807,
    "dropout": 0.0,
    "hidden_mult": 1.5,
    "proj_dim": 512,
    "label_smoothing": 0.1,
    "warmup_frac": 0.0,
    "use_pos_weight_balancing": false
  },
  "run_name": "trial_019",
  "score": 0.940223716199398
}