{
  "i2t_R@1": 0.009999999776482582,
  "t2i_R@1": 0.009999999776482582,
  "i2t_R@5": 0.07000000029802322,
  "t2i_R@5": 0.07000000029802322,
  "i2t_R@10": 0.1599999964237213,
  "t2i_R@10": 0.11999999731779099,
  "mean_R@10": 0.13999999687075615,
  "avg_train_loss": 1.0863794088363647,
  "tau": 0.051948774605989456
}