{
  "i2t_R@1": 0.029999999329447746,
  "t2i_R@1": 0.019999999552965164,
  "i2t_R@5": 0.10000000149011612,
  "t2i_R@5": 0.09000000357627869,
  "i2t_R@10": 0.17000000178813934,
  "t2i_R@10": 0.14000000059604645,
  "mean_R@10": 0.1550000011920929,
  "avg_train_loss": 0.724057137966156,
  "tau": 0.053510356694459915
}