{
  "i2t_R@1": 0.009999999776482582,
  "t2i_R@1": 0.019999999552965164,
  "i2t_R@5": 0.05999999865889549,
  "t2i_R@5": 0.07000000029802322,
  "i2t_R@10": 0.10000000149011612,
  "t2i_R@10": 0.12999999523162842,
  "mean_R@10": 0.11499999836087227,
  "avg_train_loss": 4.573060750961304,
  "tau": 0.05072959512472153
}