{
  "i2t_R@1": 0.019999999552965164,
  "t2i_R@1": 0.019999999552965164,
  "i2t_R@5": 0.07000000029802322,
  "t2i_R@5": 0.07999999821186066,
  "i2t_R@10": 0.14000000059604645,
  "t2i_R@10": 0.14000000059604645,
  "mean_R@10": 0.14000000059604645,
  "avg_train_loss": 1.8583329319953918,
  "tau": 0.051556169986724854
}