{
  "i2t_R@1": 0.03999999910593033,
  "t2i_R@1": 0.019999999552965164,
  "i2t_R@5": 0.10999999940395355,
  "t2i_R@5": 0.09000000357627869,
  "i2t_R@10": 0.1599999964237213,
  "t2i_R@10": 0.14000000059604645,
  "mean_R@10": 0.14999999850988388,
  "avg_train_loss": 0.8472742736339569,
  "tau": 0.05270078033208847
}