{
  "i2t_R@1": 0.03999999910593033,
  "t2i_R@1": 0.019999999552965164,
  "i2t_R@5": 0.10000000149011612,
  "t2i_R@5": 0.09000000357627869,
  "i2t_R@10": 0.1599999964237213,
  "t2i_R@10": 0.14000000059604645,
  "mean_R@10": 0.14999999850988388,
  "avg_train_loss": 0.7445823848247528,
  "tau": 0.053011681884527206
}