{
  "i2t_R@1": 0.019999999552965164,
  "t2i_R@1": 0.019999999552965164,
  "i2t_R@5": 0.14000000059604645,
  "t2i_R@5": 0.09000000357627869,
  "i2t_R@10": 0.18000000715255737,
  "t2i_R@10": 0.15000000596046448,
  "mean_R@10": 0.16500000655651093,
  "avg_train_loss": 0.695547342300415,
  "tau": 0.05382159352302551
}