{
  "i2t_R@1": 0.03999999910593033,
  "t2i_R@1": 0.019999999552965164,
  "i2t_R@5": 0.10999999940395355,
  "t2i_R@5": 0.09000000357627869,
  "i2t_R@10": 0.18000000715255737,
  "t2i_R@10": 0.14000000059604645,
  "mean_R@10": 0.1600000038743019,
  "avg_train_loss": 1.256598949432373,
  "tau": 0.05234420672059059
}