{
  "i2t_R@1": 0.47999998927116394,
  "t2i_R@1": 0.33000001311302185,
  "i2t_R@5": 0.8199999928474426,
  "t2i_R@5": 0.7099999785423279,
  "i2t_R@10": 0.949999988079071,
  "t2i_R@10": 0.8500000238418579,
  "mean_R@10": 0.9000000059604645,
  "avg_train_loss": 0.5695716142654419,
  "tau": 0.0504220649600029
}