{
  "i2t_R@1": 0.019999999552965164,
  "t2i_R@1": 0.009999999776482582,
  "i2t_R@5": 0.07000000029802322,
  "t2i_R@5": 0.07000000029802322,
  "i2t_R@10": 0.1599999964237213,
  "t2i_R@10": 0.17000000178813934,
  "mean_R@10": 0.16499999910593033,
  "avg_train_loss": 1.4844823479652405,
  "tau": 0.0501377210021019
}