{
  "i2t_R@1": 0.15000000596046448,
  "t2i_R@1": 0.029999999329447746,
  "i2t_R@5": 0.25,
  "t2i_R@5": 0.10999999940395355,
  "i2t_R@10": 0.3199999928474426,
  "t2i_R@10": 0.1599999964237213,
  "mean_R@10": 0.23999999463558197,
  "avg_train_loss": 0.8047442436218262,
  "tau": 0.05027144402265549
}