{
  "i2t_R@1": 0.07999999821186066,
  "t2i_R@1": 0.029999999329447746,
  "i2t_R@5": 0.23000000417232513,
  "t2i_R@5": 0.14000000059604645,
  "i2t_R@10": 0.36000001430511475,
  "t2i_R@10": 0.1899999976158142,
  "mean_R@10": 0.2750000059604645,
  "avg_train_loss": 0.7429203391075134,
  "tau": 0.0503300279378891
}