{
  "i2t_R@1": 0.05000000074505806,
  "t2i_R@1": 0.05000000074505806,
  "i2t_R@5": 0.1899999976158142,
  "t2i_R@5": 0.15000000596046448,
  "i2t_R@10": 0.33000001311302185,
  "t2i_R@10": 0.23000000417232513,
  "mean_R@10": 0.2800000086426735,
  "avg_train_loss": 0.7370008826255798,
  "tau": 0.050381291657686234
}