{
  "i2t_R@1": 0.4300000071525574,
  "t2i_R@1": 0.1899999976158142,
  "i2t_R@5": 0.800000011920929,
  "t2i_R@5": 0.6600000262260437,
  "i2t_R@10": 0.8799999952316284,
  "t2i_R@10": 0.7799999713897705,
  "mean_R@10": 0.8299999833106995,
  "avg_train_loss": 0.6111043095588684,
  "tau": 0.05044329911470413
}