{
  "i2t_R@1": 0.6200000047683716,
  "t2i_R@1": 0.6100000143051147,
  "i2t_R@5": 0.9800000190734863,
  "t2i_R@5": 0.9399999976158142,
  "i2t_R@10": 1.0,
  "t2i_R@10": 1.0,
  "mean_R@10": 1.0,
  "avg_train_loss": 0.4333467334508896,
  "tau": 0.05033642426133156
}