{
  "i2t_R@1": 0.05000000074505806,
  "t2i_R@1": 0.03999999910593033,
  "i2t_R@5": 0.14000000059604645,
  "t2i_R@5": 0.09000000357627869,
  "i2t_R@10": 0.25,
  "t2i_R@10": 0.15000000596046448,
  "mean_R@10": 0.20000000298023224,
  "avg_train_loss": 0.8434784710407257,
  "tau": 0.05020671710371971
}