{
  "i2t_R@1": 0.4399999976158142,
  "t2i_R@1": 0.11999999731779099,
  "i2t_R@5": 0.800000011920929,
  "t2i_R@5": 0.5799999833106995,
  "i2t_R@10": 0.9100000262260437,
  "t2i_R@10": 0.7300000190734863,
  "mean_R@10": 0.820000022649765,
  "avg_train_loss": 0.6389928460121155,
  "tau": 0.05045395717024803
}