{
  "i2t_R@1": 0.5099999904632568,
  "t2i_R@1": 0.1899999976158142,
  "i2t_R@5": 0.8500000238418579,
  "t2i_R@5": 0.5199999809265137,
  "i2t_R@10": 0.9399999976158142,
  "t2i_R@10": 0.6800000071525574,
  "mean_R@10": 0.8100000023841858,
  "avg_train_loss": 0.6602659523487091,
  "tau": 0.0504503957927227
}