{
  "i2t_R@1": 0.019999999552965164,
  "t2i_R@1": 0.019999999552965164,
  "i2t_R@5": 0.07999999821186066,
  "t2i_R@5": 0.07999999821186066,
  "i2t_R@10": 0.1599999964237213,
  "t2i_R@10": 0.12999999523162842,
  "mean_R@10": 0.14499999582767487,
  "avg_train_loss": 2.714791774749756,
  "tau": 0.050059493631124496
}