{
  "i2t_R@1": 0.5299999713897705,
  "t2i_R@1": 0.5,
  "i2t_R@5": 0.8999999761581421,
  "t2i_R@5": 0.8500000238418579,
  "i2t_R@10": 0.9800000190734863,
  "t2i_R@10": 0.9300000071525574,
  "mean_R@10": 0.9550000131130219,
  "avg_train_loss": 0.49157676100730896,
  "tau": 0.05037682503461838
}