{
  "i2t_R@1": 0.5400000214576721,
  "t2i_R@1": 0.5299999713897705,
  "i2t_R@5": 0.9399999976158142,
  "t2i_R@5": 0.8700000047683716,
  "i2t_R@10": 1.0,
  "t2i_R@10": 0.9800000190734863,
  "mean_R@10": 0.9900000095367432,
  "avg_train_loss": 0.46436820924282074,
  "tau": 0.05036097392439842
}