{
  "i2t_R@1": 0.6000000238418579,
  "t2i_R@1": 0.550000011920929,
  "i2t_R@5": 0.9700000286102295,
  "t2i_R@5": 0.9300000071525574,
  "i2t_R@10": 1.0,
  "t2i_R@10": 1.0,
  "mean_R@10": 1.0,
  "avg_train_loss": 0.4373195022344589,
  "tau": 0.05034264177083969
}