{
  "i2t_R@1": 0.20999999344348907,
  "t2i_R@1": 0.05999999865889549,
  "i2t_R@5": 0.5199999809265137,
  "t2i_R@5": 0.18000000715255737,
  "i2t_R@10": 0.7099999785423279,
  "t2i_R@10": 0.2800000011920929,
  "mean_R@10": 0.4949999898672104,
  "avg_train_loss": 0.722879558801651,
  "tau": 0.0504264310002327
}