{
  "i2t_R@1": 0.6000000238418579,
  "t2i_R@1": 0.5299999713897705,
  "i2t_R@5": 0.9599999785423279,
  "t2i_R@5": 0.8899999856948853,
  "i2t_R@10": 1.0,
  "t2i_R@10": 0.9800000190734863,
  "mean_R@10": 0.9900000095367432,
  "avg_train_loss": 0.44784700870513916,
  "tau": 0.05034984275698662
}