{
  "i2t_R@1": 0.5,
  "t2i_R@1": 0.44999998807907104,
  "i2t_R@5": 0.8799999952316284,
  "t2i_R@5": 0.800000011920929,
  "i2t_R@10": 0.9700000286102295,
  "t2i_R@10": 0.9100000262260437,
  "mean_R@10": 0.9400000274181366,
  "avg_train_loss": 0.5252089202404022,
  "tau": 0.05039706826210022
}