{
  "i2t_R@1": 0.6100000143051147,
  "t2i_R@1": 0.6200000047683716,
  "i2t_R@5": 0.9800000190734863,
  "t2i_R@5": 0.9399999976158142,
  "i2t_R@10": 1.0,
  "t2i_R@10": 1.0,
  "mean_R@10": 1.0,
  "avg_train_loss": 0.42527350783348083,
  "tau": 0.05033550038933754,
  "duration_sec": 1.8649439811706543,
  "params": {
    "lr": 0.0008848621488986023,
    "dropout": 0.0,
    "hidden_mult": 1.0,
    "proj_dim": 256,
    "label_smoothing": 0.1,
    "warmup_frac": 0.0,
    "use_pos_weight_balancing": false
  },
  "run_name": "trial_026",
  "score": 0.9574726492166519
}