{
  "i2t_R@1": 0.05000000074505806,
  "t2i_R@1": 0.0,
  "i2t_R@5": 0.11999999731779099,
  "t2i_R@5": 0.07999999821186066,
  "i2t_R@10": 0.18000000715255737,
  "t2i_R@10": 0.14000000059604645,
  "mean_R@10": 0.1600000038743019,
  "avg_train_loss": 5.041389226913452,
  "tau": 0.05005095154047012
}