{
  "i2t_R@1": 0.07000000029802322,
  "t2i_R@1": 0.2199999988079071,
  "i2t_R@5": 0.44999998807907104,
  "t2i_R@5": 0.5299999713897705,
  "i2t_R@10": 0.8500000238418579,
  "t2i_R@10": 0.6200000047683716,
  "mean_R@10": 0.7350000143051147,
  "avg_train_loss": 1.6372320055961609,
  "tau": 0.05047338828444481
}