{
  "i2t_R@1": 0.5,
  "t2i_R@1": 0.5299999713897705,
  "i2t_R@5": 0.8500000238418579,
  "t2i_R@5": 0.8500000238418579,
  "i2t_R@10": 0.9399999976158142,
  "t2i_R@10": 0.949999988079071,
  "mean_R@10": 0.9449999928474426,
  "avg_train_loss": 1.099728524684906,
  "tau": 0.050515320152044296
}