{
  "i2t_R@1": 0.07000000029802322,
  "t2i_R@1": 0.009999999776482582,
  "i2t_R@5": 0.11999999731779099,
  "t2i_R@5": 0.10000000149011612,
  "i2t_R@10": 0.2800000011920929,
  "t2i_R@10": 0.1899999976158142,
  "mean_R@10": 0.23499999940395355,
  "avg_train_loss": 1.7618114352226257,
  "tau": 0.050180185586214066
}