{
  "i2t_R@1": 0.550000011920929,
  "t2i_R@1": 0.3400000035762787,
  "i2t_R@5": 0.9100000262260437,
  "t2i_R@5": 0.7599999904632568,
  "i2t_R@10": 0.9800000190734863,
  "t2i_R@10": 0.8999999761581421,
  "mean_R@10": 0.9399999976158142,
  "avg_train_loss": 1.2490127086639404,
  "tau": 0.0505095012485981
}