{
  "i2t_R@1": 0.019999999552965164,
  "t2i_R@1": 0.03999999910593033,
  "i2t_R@5": 0.10999999940395355,
  "t2i_R@5": 0.12999999523162842,
  "i2t_R@10": 0.20000000298023224,
  "t2i_R@10": 0.20000000298023224,
  "mean_R@10": 0.20000000298023224,
  "avg_train_loss": 2.9452114701271057,
  "tau": 0.05011808127164841
}