{
  "i2t_R@1": 0.009999999776482582,
  "t2i_R@1": 0.009999999776482582,
  "i2t_R@5": 0.07000000029802322,
  "t2i_R@5": 0.05000000074505806,
  "i2t_R@10": 0.12999999523162842,
  "t2i_R@10": 0.10000000149011612,
  "mean_R@10": 0.11499999836087227,
  "avg_train_loss": 1.8563171029090881,
  "tau": 0.05000915378332138
}