{
  "i2t_R@1": 0.14000000059604645,
  "t2i_R@1": 0.009999999776482582,
  "i2t_R@5": 0.30000001192092896,
  "t2i_R@5": 0.10000000149011612,
  "i2t_R@10": 0.4300000071525574,
  "t2i_R@10": 0.1899999976158142,
  "mean_R@10": 0.3100000023841858,
  "avg_train_loss": 1.6343251466751099,
  "tau": 0.050235725939273834
}