{
  "i2t_R@1": 0.49000000953674316,
  "t2i_R@1": 0.5099999904632568,
  "i2t_R@5": 0.8799999952316284,
  "t2i_R@5": 0.8100000023841858,
  "i2t_R@10": 0.9700000286102295,
  "t2i_R@10": 0.949999988079071,
  "mean_R@10": 0.9600000083446503,
  "avg_train_loss": 1.0510172247886658,
  "tau": 0.05051130801439285
}