{
  "i2t_R@1": 0.20000000298023224,
  "t2i_R@1": 0.03999999910593033,
  "i2t_R@5": 0.41999998688697815,
  "t2i_R@5": 0.1599999964237213,
  "i2t_R@10": 0.5199999809265137,
  "t2i_R@10": 0.25,
  "mean_R@10": 0.38499999046325684,
  "avg_train_loss": 1.6215853691101074,
  "tau": 0.05028819292783737
}