{
  "i2t_R@1": 0.5400000214576721,
  "t2i_R@1": 0.5299999713897705,
  "i2t_R@5": 0.8600000143051147,
  "t2i_R@5": 0.8600000143051147,
  "i2t_R@10": 0.9399999976158142,
  "t2i_R@10": 0.9300000071525574,
  "mean_R@10": 0.9350000023841858,
  "avg_train_loss": 1.1772561073303223,
  "tau": 0.05051872879266739
}