{
  "i2t_R@1": 0.009999999776482582,
  "t2i_R@1": 0.1899999976158142,
  "i2t_R@5": 0.20000000298023224,
  "t2i_R@5": 0.3499999940395355,
  "i2t_R@10": 0.6499999761581421,
  "t2i_R@10": 0.4399999976158142,
  "mean_R@10": 0.5449999868869781,
  "avg_train_loss": 1.7243722081184387,
  "tau": 0.050433605909347534
}