{
  "i2t_R@1": 0.47999998927116394,
  "t2i_R@1": 0.5,
  "i2t_R@5": 0.8799999952316284,
  "t2i_R@5": 0.800000011920929,
  "i2t_R@10": 0.9700000286102295,
  "t2i_R@10": 0.949999988079071,
  "mean_R@10": 0.9600000083446503,
  "avg_train_loss": 0.9805411696434021,
  "tau": 0.050505541265010834
}