{
  "i2t_R@1": 0.009999999776482582,
  "t2i_R@1": 0.12999999523162842,
  "i2t_R@5": 0.17000000178813934,
  "t2i_R@5": 0.25,
  "i2t_R@10": 0.5699999928474426,
  "t2i_R@10": 0.30000001192092896,
  "mean_R@10": 0.4350000023841858,
  "avg_train_loss": 1.7798186540603638,
  "tau": 0.05038973689079285
}