{
  "i2t_R@1": 0.49000000953674316,
  "t2i_R@1": 0.5099999904632568,
  "i2t_R@5": 0.8899999856948853,
  "t2i_R@5": 0.8199999928474426,
  "i2t_R@10": 0.9700000286102295,
  "t2i_R@10": 0.9599999785423279,
  "mean_R@10": 0.9650000035762787,
  "avg_train_loss": 0.9436780512332916,
  "tau": 0.050501205027103424
}