{
  "i2t_R@1": 0.2800000011920929,
  "t2i_R@1": 0.07000000029802322,
  "i2t_R@5": 0.49000000953674316,
  "t2i_R@5": 0.20000000298023224,
  "i2t_R@10": 0.6100000143051147,
  "t2i_R@10": 0.27000001072883606,
  "mean_R@10": 0.4400000125169754,
  "avg_train_loss": 2.4141939878463745,
  "tau": 0.0503399521112442
}