{
  "i2t_R@1": 0.550000011920929,
  "t2i_R@1": 0.44999998807907104,
  "i2t_R@5": 0.9200000166893005,
  "t2i_R@5": 0.8600000143051147,
  "i2t_R@10": 0.9700000286102295,
  "t2i_R@10": 0.9399999976158142,
  "mean_R@10": 0.9550000131130219,
  "avg_train_loss": 1.2454721927642822,
  "tau": 0.0505158007144928
}