{
  "i2t_R@1": 0.5,
  "t2i_R@1": 0.5099999904632568,
  "i2t_R@5": 0.8999999761581421,
  "t2i_R@5": 0.8399999737739563,
  "i2t_R@10": 0.9700000286102295,
  "t2i_R@10": 0.9599999785423279,
  "mean_R@10": 0.9650000035762787,
  "avg_train_loss": 0.9004297852516174,
  "tau": 0.05049864202737808
}