{
  "i2t_R@1": 0.5699999928474426,
  "t2i_R@1": 0.25999999046325684,
  "i2t_R@5": 0.9100000262260437,
  "t2i_R@5": 0.6800000071525574,
  "i2t_R@10": 0.9599999785423279,
  "t2i_R@10": 0.7599999904632568,
  "mean_R@10": 0.8599999845027924,
  "avg_train_loss": 1.2902029752731323,
  "tau": 0.050496138632297516
}