{
  "i2t_R@1": 0.5,
  "t2i_R@1": 0.5,
  "i2t_R@5": 0.8999999761581421,
  "t2i_R@5": 0.8500000238418579,
  "i2t_R@10": 0.9700000286102295,
  "t2i_R@10": 0.9599999785423279,
  "mean_R@10": 0.9650000035762787,
  "avg_train_loss": 0.8895092308521271,
  "tau": 0.050497110933065414,
  "duration_sec": 2.2699692249298096,
  "params": {
    "lr": 0.0007109045988352233,
    "dropout": 0.0,
    "hidden_mult": 1.5,
    "proj_dim": 512,
    "label_smoothing": 0.1,
    "warmup_frac": 0.0,
    "use_pos_weight_balancing": true
  },
  "run_name": "trial_016",
  "score": 0.876049080491066
}