{
  "i2t_R@1": 0.019999999552965164,
  "t2i_R@1": 0.009999999776482582,
  "i2t_R@5": 0.05000000074505806,
  "t2i_R@5": 0.05000000074505806,
  "i2t_R@10": 0.10000000149011612,
  "t2i_R@10": 0.10000000149011612,
  "mean_R@10": 0.10000000149011612,
  "avg_train_loss": 1.1041724681854248,
  "tau": 0.051086705178022385
}