{
  "i2t_R@1": 0.009999999776482582,
  "t2i_R@1": 0.009999999776482582,
  "i2t_R@5": 0.05000000074505806,
  "t2i_R@5": 0.05999999865889549,
  "i2t_R@10": 0.11999999731779099,
  "t2i_R@10": 0.10999999940395355,
  "mean_R@10": 0.11499999836087227,
  "avg_train_loss": 5.0404534339904785,
  "tau": 0.05052129179239273
}