{
  "i2t_R@1": 0.009999999776482582,
  "t2i_R@1": 0.009999999776482582,
  "i2t_R@5": 0.05000000074505806,
  "t2i_R@5": 0.05000000074505806,
  "i2t_R@10": 0.10000000149011612,
  "t2i_R@10": 0.10000000149011612,
  "mean_R@10": 0.10000000149011612,
  "avg_train_loss": 1.1359537243843079,
  "tau": 0.05136978253722191
}