{
  "i2t_R@1": 0.019999999552965164,
  "t2i_R@1": 0.009999999776482582,
  "i2t_R@5": 0.1599999964237213,
  "t2i_R@5": 0.05000000074505806,
  "i2t_R@10": 0.25999999046325684,
  "t2i_R@10": 0.12999999523162842,
  "mean_R@10": 0.19499999284744263,
  "avg_train_loss": 0.8224539756774902,
  "tau": 0.05004659295082092
}