{
  "i2t_recall@1": 0.5040684066885789,
  "t2i_recall@1": 0.3492070197970444,
  "i2t_recall@5": 0.7559209470135445,
  "t2i_recall@5": 0.3492070197970444,
  "i2t_recall@10": 0.838564946641769,
  "t2i_recall@10": 0.456320605656057,
  "i2t_recall@50": 0.9567557519581583,
  "t2i_recall@50": 0.6952285996738515,
  "mean_recall": 0.6131591621532559,
  "i2t_median_rank": 1.0,
  "t2i_median_rank": 11.0,
  "unique_images": 23657,
  "total_samples": 118351,
  "avg_captions_per_image": 5.002789871919516
}