{
  "i2t_R@1": 0.019999999552965164,
  "t2i_R@1": 0.07000000029802322,
  "i2t_R@5": 0.46000000834465027,
  "t2i_R@5": 0.33000001311302185,
  "i2t_R@10": 0.8299999833106995,
  "t2i_R@10": 0.41999998688697815,
  "mean_R@10": 0.6249999850988388,
  "avg_train_loss": 1.7040502429008484,
  "tau": 0.0503234788775444
}