{
  "i2t_R@1": 0.6800000071525574,
  "t2i_R@1": 0.5799999833106995,
  "i2t_R@5": 0.9599999785423279,
  "t2i_R@5": 0.8399999737739563,
  "i2t_R@10": 0.9700000286102295,
  "t2i_R@10": 0.949999988079071,
  "mean_R@10": 0.9600000083446503,
  "avg_train_loss": 0.9039138853549957,
  "tau": 0.050349749624729156
}