{
  "i2t_R@1": 0.5699999928474426,
  "t2i_R@1": 0.33000001311302185,
  "i2t_R@5": 0.9599999785423279,
  "t2i_R@5": 0.6399999856948853,
  "i2t_R@10": 0.9900000095367432,
  "t2i_R@10": 0.8700000047683716,
  "mean_R@10": 0.9300000071525574,
  "avg_train_loss": 1.2494925260543823,
  "tau": 0.05037585273385048
}