{
  "i2t_R@1": 0.2199999988079071,
  "t2i_R@1": 0.029999999329447746,
  "i2t_R@5": 0.4099999964237213,
  "t2i_R@5": 0.17000000178813934,
  "i2t_R@10": 0.49000000953674316,
  "t2i_R@10": 0.25999999046325684,
  "mean_R@10": 0.375,
  "avg_train_loss": 1.5519861578941345,
  "tau": 0.050214797258377075
}