{
  "i2t_R@1": 0.49000000953674316,
  "t2i_R@1": 0.10000000149011612,
  "i2t_R@5": 0.8500000238418579,
  "t2i_R@5": 0.3499999940395355,
  "i2t_R@10": 0.9100000262260437,
  "t2i_R@10": 0.47999998927116394,
  "mean_R@10": 0.6950000077486038,
  "avg_train_loss": 1.6547152996063232,
  "tau": 0.05035387724637985
}