{
  "i2t_R@1": 0.019999999552965164,
  "t2i_R@1": 0.019999999552965164,
  "i2t_R@5": 0.10999999940395355,
  "t2i_R@5": 0.10000000149011612,
  "i2t_R@10": 0.17000000178813934,
  "t2i_R@10": 0.12999999523162842,
  "mean_R@10": 0.14999999850988388,
  "avg_train_loss": 4.973241806030273,
  "tau": 0.05003839731216431
}