{
  "i2t_R@1": 0.6700000166893005,
  "t2i_R@1": 0.5699999928474426,
  "i2t_R@5": 0.9399999976158142,
  "t2i_R@5": 0.8500000238418579,
  "i2t_R@10": 0.9900000095367432,
  "t2i_R@10": 0.9300000071525574,
  "mean_R@10": 0.9600000083446503,
  "avg_train_loss": 0.9731360673904419,
  "tau": 0.05035713315010071
}