{
  "i2t_R@1": 0.6800000071525574,
  "t2i_R@1": 0.5600000023841858,
  "i2t_R@5": 0.9200000166893005,
  "t2i_R@5": 0.8199999928474426,
  "i2t_R@10": 0.9900000095367432,
  "t2i_R@10": 0.9100000262260437,
  "mean_R@10": 0.9500000178813934,
  "avg_train_loss": 1.0202921628952026,
  "tau": 0.05036357790231705
}