{
  "i2t_R@1": 0.6399999856948853,
  "t2i_R@1": 0.30000001192092896,
  "i2t_R@5": 0.9700000286102295,
  "t2i_R@5": 0.6299999952316284,
  "i2t_R@10": 0.9900000095367432,
  "t2i_R@10": 0.8700000047683716,
  "mean_R@10": 0.9300000071525574,
  "avg_train_loss": 1.169827163219452,
  "tau": 0.05037853121757507
}