{
  "i2t_R@1": 0.11999999731779099,
  "t2i_R@1": 0.07999999821186066,
  "i2t_R@5": 0.4699999988079071,
  "t2i_R@5": 0.27000001072883606,
  "i2t_R@10": 0.7200000286102295,
  "t2i_R@10": 0.38999998569488525,
  "mean_R@10": 0.5550000071525574,
  "avg_train_loss": 1.8218528032302856,
  "tau": 0.05029032379388809
}