{
  "i2t_R@1": 0.6700000166893005,
  "t2i_R@1": 0.4000000059604645,
  "i2t_R@5": 0.949999988079071,
  "t2i_R@5": 0.7200000286102295,
  "i2t_R@10": 0.9800000190734863,
  "t2i_R@10": 0.8799999952316284,
  "mean_R@10": 0.9300000071525574,
  "avg_train_loss": 1.1237426400184631,
  "tau": 0.05037659779191017
}