{
  "i2t_R@1": 0.2800000011920929,
  "t2i_R@1": 0.05000000074505806,
  "i2t_R@5": 0.5799999833106995,
  "t2i_R@5": 0.17000000178813934,
  "i2t_R@10": 0.6899999976158142,
  "t2i_R@10": 0.28999999165534973,
  "mean_R@10": 0.48999999463558197,
  "avg_train_loss": 2.4035037755966187,
  "tau": 0.05025271326303482
}