{
  "i2t_R@1": 0.6899999976158142,
  "t2i_R@1": 0.5699999928474426,
  "i2t_R@5": 0.9599999785423279,
  "t2i_R@5": 0.8500000238418579,
  "i2t_R@10": 0.9700000286102295,
  "t2i_R@10": 0.949999988079071,
  "mean_R@10": 0.9600000083446503,
  "avg_train_loss": 0.9304555952548981,
  "tau": 0.05035253241658211
}