{
  "i2t_R@1": 0.05999999865889549,
  "t2i_R@1": 0.009999999776482582,
  "i2t_R@5": 0.1899999976158142,
  "t2i_R@5": 0.05000000074505806,
  "i2t_R@10": 0.25,
  "t2i_R@10": 0.15000000596046448,
  "mean_R@10": 0.20000000298023224,
  "avg_train_loss": 2.831218183040619,
  "tau": 0.0500897616147995
}