{
  "i2t_R@1": 0.05999999865889549,
  "t2i_R@1": 0.019999999552965164,
  "i2t_R@5": 0.25,
  "t2i_R@5": 0.12999999523162842,
  "i2t_R@10": 0.3799999952316284,
  "t2i_R@10": 0.20000000298023224,
  "mean_R@10": 0.28999999910593033,
  "avg_train_loss": 1.5844879746437073,
  "tau": 0.050135426223278046
}