{
  "i2t_R@1": 0.6000000238418579,
  "t2i_R@1": 0.3700000047683716,
  "i2t_R@5": 0.9700000286102295,
  "t2i_R@5": 0.6499999761581421,
  "i2t_R@10": 0.9900000095367432,
  "t2i_R@10": 0.8399999737739563,
  "mean_R@10": 0.9149999916553497,
  "avg_train_loss": 1.265087902545929,
  "tau": 0.05036668851971626
}