{
  "i2t_R@1": 0.15000000596046448,
  "t2i_R@1": 0.019999999552965164,
  "i2t_R@5": 0.3700000047683716,
  "t2i_R@5": 0.18000000715255737,
  "i2t_R@10": 0.46000000834465027,
  "t2i_R@10": 0.27000001072883606,
  "mean_R@10": 0.36500000953674316,
  "avg_train_loss": 1.6029103994369507,
  "tau": 0.05017669126391411
}