{
  "i2t_R@1": 0.6700000166893005,
  "t2i_R@1": 0.5299999713897705,
  "i2t_R@5": 0.9399999976158142,
  "t2i_R@5": 0.8100000023841858,
  "i2t_R@10": 0.9700000286102295,
  "t2i_R@10": 0.9200000166893005,
  "mean_R@10": 0.945000022649765,
  "avg_train_loss": 1.0699987411499023,
  "tau": 0.05037062615156174
}