{
  "i2t_R@1": 0.6800000071525574,
  "t2i_R@1": 0.5899999737739563,
  "i2t_R@5": 0.9599999785423279,
  "t2i_R@5": 0.8399999737739563,
  "i2t_R@10": 0.9700000286102295,
  "t2i_R@10": 0.949999988079071,
  "mean_R@10": 0.9600000083446503,
  "avg_train_loss": 0.8792546391487122,
  "tau": 0.05034811422228813,
  "duration_sec": 2.205296277999878,
  "params": {
    "lr": 0.000582315847664629,
    "dropout": 0.2,
    "hidden_mult": 1.5,
    "proj_dim": 512,
    "label_smoothing": 0.0,
    "warmup_frac": 0.05,
    "use_pos_weight_balancing": true
  },
  "run_name": "trial_012",
  "score": 0.872074544429779
}