{
  "i2t_R@1": 0.0,
  "t2i_R@1": 0.019999999552965164,
  "i2t_R@5": 0.05000000074505806,
  "t2i_R@5": 0.05999999865889549,
  "i2t_R@10": 0.12999999523162842,
  "t2i_R@10": 0.10999999940395355,
  "mean_R@10": 0.11999999731779099,
  "avg_train_loss": 6.545143127441406,
  "tau": 0.05021682009100914
}