{
  "i2t_R@1": 0.05999999865889549,
  "t2i_R@1": 0.09000000357627869,
  "i2t_R@5": 0.23000000417232513,
  "t2i_R@5": 0.14000000059604645,
  "i2t_R@10": 0.36000001430511475,
  "t2i_R@10": 0.23999999463558197,
  "mean_R@10": 0.30000000447034836,
  "avg_train_loss": 0.7189266681671143,
  "tau": 0.05004741996526718
}