{
  "i2t_R@1": 0.009999999776482582,
  "t2i_R@1": 0.009999999776482582,
  "i2t_R@5": 0.05000000074505806,
  "t2i_R@5": 0.07999999821186066,
  "i2t_R@10": 0.12999999523162842,
  "t2i_R@10": 0.12999999523162842,
  "mean_R@10": 0.12999999523162842,
  "avg_train_loss": 2.1367043256759644,
  "tau": 0.050876472145318985
}