{
  "i2t_R@1": 0.029999999329447746,
  "t2i_R@1": 0.009999999776482582,
  "i2t_R@5": 0.10000000149011612,
  "t2i_R@5": 0.05999999865889549,
  "i2t_R@10": 0.12999999523162842,
  "t2i_R@10": 0.10999999940395355,
  "mean_R@10": 0.11999999731779099,
  "avg_train_loss": 3.869268536567688,
  "tau": 0.05053778737783432
}