{
  "i2t_R@1": 0.029999999329447746,
  "t2i_R@1": 0.009999999776482582,
  "i2t_R@5": 0.05999999865889549,
  "t2i_R@5": 0.05000000074505806,
  "i2t_R@10": 0.11999999731779099,
  "t2i_R@10": 0.11999999731779099,
  "mean_R@10": 0.11999999731779099,
  "avg_train_loss": 0.9548845887184143,
  "tau": 0.05146677419543266
}