{
  "i2t_R@1": 0.009999999776482582,
  "t2i_R@1": 0.009999999776482582,
  "i2t_R@5": 0.05999999865889549,
  "t2i_R@5": 0.05999999865889549,
  "i2t_R@10": 0.12999999523162842,
  "t2i_R@10": 0.11999999731779099,
  "mean_R@10": 0.1249999962747097,
  "avg_train_loss": 0.746379166841507,
  "tau": 0.051179297268390656
}