{
  "i2t_R@1": 0.5099999904632568,
  "t2i_R@1": 0.10999999940395355,
  "i2t_R@5": 0.7799999713897705,
  "t2i_R@5": 0.27000001072883606,
  "i2t_R@10": 0.8700000047683716,
  "t2i_R@10": 0.38999998569488525,
  "mean_R@10": 0.6299999952316284,
  "avg_train_loss": 0.7324458956718445,
  "tau": 0.05066775903105736
}