{
  "i2t_R@1": 0.4099999964237213,
  "t2i_R@1": 0.03999999910593033,
  "i2t_R@5": 0.75,
  "t2i_R@5": 0.20999999344348907,
  "i2t_R@10": 0.8299999833106995,
  "t2i_R@10": 0.4099999964237213,
  "mean_R@10": 0.6199999898672104,
  "avg_train_loss": 0.6836249232292175,
  "tau": 0.0506313256919384
}