{
  "i2t_R@1": 0.3700000047683716,
  "t2i_R@1": 0.1599999964237213,
  "i2t_R@5": 0.7099999785423279,
  "t2i_R@5": 0.3799999952316284,
  "i2t_R@10": 0.8100000023841858,
  "t2i_R@10": 0.5299999713897705,
  "mean_R@10": 0.6699999868869781,
  "avg_train_loss": 0.6977111995220184,
  "tau": 0.05069495737552643
}