{
  "i2t_R@1": 0.1899999976158142,
  "t2i_R@1": 0.009999999776482582,
  "i2t_R@5": 0.4000000059604645,
  "t2i_R@5": 0.07000000029802322,
  "i2t_R@10": 0.5099999904632568,
  "t2i_R@10": 0.11999999731779099,
  "mean_R@10": 0.3149999938905239,
  "avg_train_loss": 1.2959305047988892,
  "tau": 0.050284020602703094
}