{
  "i2t_R@1": 0.4000000059604645,
  "t2i_R@1": 0.23999999463558197,
  "i2t_R@5": 0.7400000095367432,
  "t2i_R@5": 0.6399999856948853,
  "i2t_R@10": 0.8700000047683716,
  "t2i_R@10": 0.8199999928474426,
  "mean_R@10": 0.8449999988079071,
  "avg_train_loss": 0.630633682012558,
  "tau": 0.05075926333665848
}