{
  "i2t_R@1": 0.47999998927116394,
  "t2i_R@1": 0.10999999940395355,
  "i2t_R@5": 0.7699999809265137,
  "t2i_R@5": 0.4399999976158142,
  "i2t_R@10": 0.8299999833106995,
  "t2i_R@10": 0.6200000047683716,
  "mean_R@10": 0.7249999940395355,
  "avg_train_loss": 0.7784034013748169,
  "tau": 0.05072098597884178
}