{
  "i2t_R@1": 0.07000000029802322,
  "t2i_R@1": 0.029999999329447746,
  "i2t_R@5": 0.14000000059604645,
  "t2i_R@5": 0.1899999976158142,
  "i2t_R@10": 0.23000000417232513,
  "t2i_R@10": 0.23999999463558197,
  "mean_R@10": 0.23499999940395355,
  "avg_train_loss": 0.8488365411758423,
  "tau": 0.050462909042835236
}