{
  "i2t_R@1": 0.14000000059604645,
  "t2i_R@1": 0.009999999776482582,
  "i2t_R@5": 0.2800000011920929,
  "t2i_R@5": 0.10999999940395355,
  "i2t_R@10": 0.38999998569488525,
  "t2i_R@10": 0.17000000178813934,
  "mean_R@10": 0.2799999937415123,
  "avg_train_loss": 0.9151266813278198,
  "tau": 0.05037663131952286
}