{
  "i2t_R@1": 0.05999999865889549,
  "t2i_R@1": 0.009999999776482582,
  "i2t_R@5": 0.23000000417232513,
  "t2i_R@5": 0.07000000029802322,
  "i2t_R@10": 0.25,
  "t2i_R@10": 0.14000000059604645,
  "mean_R@10": 0.19500000029802322,
  "avg_train_loss": 2.363264560699463,
  "tau": 0.050180964171886444
}