{
  "i2t_R@1": 0.029999999329447746,
  "t2i_R@1": 0.009999999776482582,
  "i2t_R@5": 0.25,
  "t2i_R@5": 0.07999999821186066,
  "i2t_R@10": 0.6200000047683716,
  "t2i_R@10": 0.17000000178813934,
  "mean_R@10": 0.39500000327825546,
  "avg_train_loss": 0.6989749073982239,
  "tau": 0.050532713532447815
}