{
  "i2t_R@1": 0.33000001311302185,
  "t2i_R@1": 0.2199999988079071,
  "i2t_R@5": 0.75,
  "t2i_R@5": 0.6499999761581421,
  "i2t_R@10": 0.9200000166893005,
  "t2i_R@10": 0.7799999713897705,
  "mean_R@10": 0.8499999940395355,
  "avg_train_loss": 0.6199319362640381,
  "tau": 0.05076072737574577
}