{
  "i2t_R@1": 0.10000000149011612,
  "t2i_R@1": 0.009999999776482582,
  "i2t_R@5": 0.25,
  "t2i_R@5": 0.07999999821186066,
  "i2t_R@10": 0.3100000023841858,
  "t2i_R@10": 0.14000000059604645,
  "mean_R@10": 0.22500000149011612,
  "avg_train_loss": 4.755100965499878,
  "tau": 0.050075192004442215
}