{
  "i2t_R@1": 0.44999998807907104,
  "t2i_R@1": 0.2199999988079071,
  "i2t_R@5": 0.7599999904632568,
  "t2i_R@5": 0.6100000143051147,
  "i2t_R@10": 0.8600000143051147,
  "t2i_R@10": 0.8100000023841858,
  "mean_R@10": 0.8350000083446503,
  "avg_train_loss": 0.6778451204299927,
  "tau": 0.050752751529216766
}