{
  "i2t_R@1": 0.33000001311302185,
  "t2i_R@1": 0.25,
  "i2t_R@5": 0.8100000023841858,
  "t2i_R@5": 0.6399999856948853,
  "i2t_R@10": 0.9100000262260437,
  "t2i_R@10": 0.800000011920929,
  "mean_R@10": 0.8550000190734863,
  "avg_train_loss": 0.6098704040050507,
  "tau": 0.0507601723074913
}