{
  "i2t_R@1": 0.36000001430511475,
  "t2i_R@1": 0.23000000417232513,
  "i2t_R@5": 0.8199999928474426,
  "t2i_R@5": 0.6600000262260437,
  "i2t_R@10": 0.9200000166893005,
  "t2i_R@10": 0.8500000238418579,
  "mean_R@10": 0.8850000202655792,
  "avg_train_loss": 0.5863563418388367,
  "tau": 0.05075639486312866
}