{
  "i2t_R@1": 0.36000001430511475,
  "t2i_R@1": 0.23999999463558197,
  "i2t_R@5": 0.8199999928474426,
  "t2i_R@5": 0.6299999952316284,
  "i2t_R@10": 0.9200000166893005,
  "t2i_R@10": 0.8299999833106995,
  "mean_R@10": 0.875,
  "avg_train_loss": 0.5873538851737976,
  "tau": 0.05075812339782715
}