{
  "i2t_R@1": 0.36000001430511475,
  "t2i_R@1": 0.23000000417232513,
  "i2t_R@5": 0.8199999928474426,
  "t2i_R@5": 0.6499999761581421,
  "i2t_R@10": 0.9100000262260437,
  "t2i_R@10": 0.8500000238418579,
  "mean_R@10": 0.8800000250339508,
  "avg_train_loss": 0.5809148550033569,
  "tau": 0.05075547471642494
}