{
  "i2t_R@1": 0.47999998927116394,
  "t2i_R@1": 0.11999999731779099,
  "i2t_R@5": 0.7300000190734863,
  "t2i_R@5": 0.5199999809265137,
  "i2t_R@10": 0.8299999833106995,
  "t2i_R@10": 0.6899999976158142,
  "mean_R@10": 0.7599999904632568,
  "avg_train_loss": 0.657563716173172,
  "tau": 0.050739649683237076
}