{
  "i2t_R@1": 0.009999999776482582,
  "t2i_R@1": 0.029999999329447746,
  "i2t_R@5": 0.05999999865889549,
  "t2i_R@5": 0.07000000029802322,
  "i2t_R@10": 0.10999999940395355,
  "t2i_R@10": 0.15000000596046448,
  "mean_R@10": 0.13000000268220901,
  "avg_train_loss": 0.7057827413082123,
  "tau": 0.050015367567539215
}