{
  "i2t_R@1": 0.23999999463558197,
  "t2i_R@1": 0.019999999552965164,
  "i2t_R@5": 0.5,
  "t2i_R@5": 0.1899999976158142,
  "i2t_R@10": 0.6899999976158142,
  "t2i_R@10": 0.2199999988079071,
  "mean_R@10": 0.45499999821186066,
  "avg_train_loss": 0.6853317022323608,
  "tau": 0.050588056445121765
}