{
  "i2t_R@1": 0.4000000059604645,
  "t2i_R@1": 0.3100000023841858,
  "i2t_R@5": 0.7400000095367432,
  "t2i_R@5": 0.6499999761581421,
  "i2t_R@10": 0.8700000047683716,
  "t2i_R@10": 0.7900000214576721,
  "mean_R@10": 0.8300000131130219,
  "avg_train_loss": 1.0475043654441833,
  "tau": 0.050532400608062744
}