{
  "i2t_R@1": 0.38999998569488525,
  "t2i_R@1": 0.30000001192092896,
  "i2t_R@5": 0.7599999904632568,
  "t2i_R@5": 0.6899999976158142,
  "i2t_R@10": 0.8799999952316284,
  "t2i_R@10": 0.8500000238418579,
  "mean_R@10": 0.8650000095367432,
  "avg_train_loss": 0.9849586486816406,
  "tau": 0.05052630603313446
}