{
  "i2t_R@1": 0.23999999463558197,
  "t2i_R@1": 0.029999999329447746,
  "i2t_R@5": 0.44999998807907104,
  "t2i_R@5": 0.2800000011920929,
  "i2t_R@10": 0.5699999928474426,
  "t2i_R@10": 0.38999998569488525,
  "mean_R@10": 0.47999998927116394,
  "avg_train_loss": 1.427104413509369,
  "tau": 0.05035199224948883
}