{
  "i2t_R@1": 0.0,
  "t2i_R@1": 0.009999999776482582,
  "i2t_R@5": 0.05999999865889549,
  "t2i_R@5": 0.05999999865889549,
  "i2t_R@10": 0.17000000178813934,
  "t2i_R@10": 0.10000000149011612,
  "mean_R@10": 0.13500000163912773,
  "avg_train_loss": 4.903756380081177,
  "tau": 0.050056297332048416
}