{
  "i2t_R@1": 0.07000000029802322,
  "t2i_R@1": 0.019999999552965164,
  "i2t_R@5": 0.15000000596046448,
  "t2i_R@5": 0.05999999865889549,
  "i2t_R@10": 0.23999999463558197,
  "t2i_R@10": 0.17000000178813934,
  "mean_R@10": 0.20499999821186066,
  "avg_train_loss": 2.815885603427887,
  "tau": 0.05012999847531319
}