{
  "i2t_R@1": 0.4000000059604645,
  "t2i_R@1": 0.30000001192092896,
  "i2t_R@5": 0.7400000095367432,
  "t2i_R@5": 0.6700000166893005,
  "i2t_R@10": 0.8899999856948853,
  "t2i_R@10": 0.8500000238418579,
  "mean_R@10": 0.8700000047683716,
  "avg_train_loss": 1.017984688282013,
  "tau": 0.050527606159448624
}