{
  "i2t_R@1": 0.07000000029802322,
  "t2i_R@1": 0.009999999776482582,
  "i2t_R@5": 0.25,
  "t2i_R@5": 0.11999999731779099,
  "i2t_R@10": 0.44999998807907104,
  "t2i_R@10": 0.17000000178813934,
  "mean_R@10": 0.3099999949336052,
  "avg_train_loss": 1.5386775135993958,
  "tau": 0.05025342106819153
}