{
  "i2t_R@1": 0.4000000059604645,
  "t2i_R@1": 0.20999999344348907,
  "i2t_R@5": 0.6700000166893005,
  "t2i_R@5": 0.5299999713897705,
  "i2t_R@10": 0.8700000047683716,
  "t2i_R@10": 0.6800000071525574,
  "mean_R@10": 0.7750000059604645,
  "avg_train_loss": 1.4089205861091614,
  "tau": 0.050525784492492676
}