{
  "i2t_R@1": 0.28999999165534973,
  "t2i_R@1": 0.05999999865889549,
  "i2t_R@5": 0.5899999737739563,
  "t2i_R@5": 0.20999999344348907,
  "i2t_R@10": 0.75,
  "t2i_R@10": 0.3799999952316284,
  "mean_R@10": 0.5649999976158142,
  "avg_train_loss": 1.8622318506240845,
  "tau": 0.05042286962270737
}