{
  "i2t_R@1": 0.41999998688697815,
  "t2i_R@1": 0.3100000023841858,
  "i2t_R@5": 0.7400000095367432,
  "t2i_R@5": 0.6600000262260437,
  "i2t_R@10": 0.8799999952316284,
  "t2i_R@10": 0.8199999928474426,
  "mean_R@10": 0.8499999940395355,
  "avg_train_loss": 1.0376959443092346,
  "tau": 0.050529591739177704
}