{
  "i2t_R@1": 0.3199999928474426,
  "t2i_R@1": 0.07999999821186066,
  "i2t_R@5": 0.5699999928474426,
  "t2i_R@5": 0.27000001072883606,
  "i2t_R@10": 0.6800000071525574,
  "t2i_R@10": 0.41999998688697815,
  "mean_R@10": 0.5499999970197678,
  "avg_train_loss": 1.5206984281539917,
  "tau": 0.05045592784881592
}