{
  "i2t_R@1": 0.07999999821186066,
  "t2i_R@1": 0.03999999910593033,
  "i2t_R@5": 0.23000000417232513,
  "t2i_R@5": 0.15000000596046448,
  "i2t_R@10": 0.49000000953674316,
  "t2i_R@10": 0.2800000011920929,
  "mean_R@10": 0.38500000536441803,
  "avg_train_loss": 1.4759085774421692,
  "tau": 0.05030744895339012
}