{
  "i2t_R@1": 0.019999999552965164,
  "t2i_R@1": 0.029999999329447746,
  "i2t_R@5": 0.12999999523162842,
  "t2i_R@5": 0.10999999940395355,
  "i2t_R@10": 0.27000001072883606,
  "t2i_R@10": 0.1899999976158142,
  "mean_R@10": 0.23000000417232513,
  "avg_train_loss": 1.5791658759117126,
  "tau": 0.050194673240184784
}