{
  "i2t_R@1": 0.3400000035762787,
  "t2i_R@1": 0.23999999463558197,
  "i2t_R@5": 0.7099999785423279,
  "t2i_R@5": 0.5600000023841858,
  "i2t_R@10": 0.8500000238418579,
  "t2i_R@10": 0.6600000262260437,
  "mean_R@10": 0.7550000250339508,
  "avg_train_loss": 1.1681613326072693,
  "tau": 0.050517257302999496
}