{
  "i2t_R@1": 0.11999999731779099,
  "t2i_R@1": 0.05999999865889549,
  "i2t_R@5": 0.4099999964237213,
  "t2i_R@5": 0.1899999976158142,
  "i2t_R@10": 0.6200000047683716,
  "t2i_R@10": 0.4099999964237213,
  "mean_R@10": 0.5150000005960464,
  "avg_train_loss": 1.3719661831855774,
  "tau": 0.050388894975185394
}