{
  "i2t_R@1": 0.30000001192092896,
  "t2i_R@1": 0.11999999731779099,
  "i2t_R@5": 0.550000011920929,
  "t2i_R@5": 0.4300000071525574,
  "i2t_R@10": 0.6899999976158142,
  "t2i_R@10": 0.5,
  "mean_R@10": 0.5949999988079071,
  "avg_train_loss": 1.4452480673789978,
  "tau": 0.05048331618309021
}