{
  "i2t_R@1": 0.27000001072883606,
  "t2i_R@1": 0.18000000715255737,
  "i2t_R@5": 0.5699999928474426,
  "t2i_R@5": 0.5,
  "i2t_R@10": 0.7599999904632568,
  "t2i_R@10": 0.5899999737739563,
  "mean_R@10": 0.6749999821186066,
  "avg_train_loss": 1.4084067344665527,
  "tau": 0.05050737038254738
}