{
  "i2t_R@1": 0.38999998569488525,
  "t2i_R@1": 0.23000000417232513,
  "i2t_R@5": 0.75,
  "t2i_R@5": 0.5400000214576721,
  "i2t_R@10": 0.8799999952316284,
  "t2i_R@10": 0.699999988079071,
  "mean_R@10": 0.7899999916553497,
  "avg_train_loss": 1.2227091193199158,
  "tau": 0.050532449036836624
}