{
  "i2t_R@1": 0.38999998569488525,
  "t2i_R@1": 0.3100000023841858,
  "i2t_R@5": 0.7400000095367432,
  "t2i_R@5": 0.6899999976158142,
  "i2t_R@10": 0.8799999952316284,
  "t2i_R@10": 0.8500000238418579,
  "mean_R@10": 0.8650000095367432,
  "avg_train_loss": 0.962266594171524,
  "tau": 0.05052543431520462,
  "duration_sec": 2.293976068496704,
  "params": {
    "lr": 0.000830635764268638,
    "dropout": 0.2,
    "hidden_mult": 1.0,
    "proj_dim": 256,
    "label_smoothing": 0.0,
    "warmup_frac": 0.05,
    "use_pos_weight_balancing": true
  },
  "run_name": "trial_003",
  "score": 0.7687733501195908
}