{
  "i2t_recall@1": 0.5071863725084285,
  "t2i_recall@1": 0.36159156393378905,
  "i2t_recall@5": 0.7585530929707898,
  "t2i_recall@5": 0.36165916061817166,
  "i2t_recall@10": 0.8407844595222604,
  "t2i_recall@10": 0.46836052691615476,
  "i2t_recall@50": 0.9588420687965256,
  "t2i_recall@50": 0.7003185493751531,
  "mean_recall": 0.619661974330159,
  "i2t_median_rank": 1.0,
  "t2i_median_rank": 11.0,
  "unique_images": 23657,
  "total_samples": 118349,
  "avg_captions_per_image": 5.002705330346198
}