{
  "i2t_recall@1": 0.510709849681873,
  "t2i_recall@1": 0.36457426763217265,
  "i2t_recall@5": 0.7620343222164953,
  "t2i_recall@5": 0.3645996163888161,
  "i2t_recall@10": 0.8440966970570094,
  "t2i_recall@10": 0.47184175616186025,
  "i2t_recall@50": 0.9601179562142477,
  "t2i_recall@50": 0.7038335769630499,
  "mean_recall": 0.6227260052894406,
  "i2t_median_rank": 1.0,
  "t2i_median_rank": 11.0,
  "unique_images": 23657,
  "total_samples": 118349,
  "avg_captions_per_image": 5.002705330346198
}