{
  "i2t_R@1": 0.07000000029802322,
  "t2i_R@1": 0.03999999910593033,
  "i2t_R@5": 0.20999999344348907,
  "t2i_R@5": 0.18000000715255737,
  "i2t_R@10": 0.25,
  "t2i_R@10": 0.30000001192092896,
  "mean_R@10": 0.2750000059604645,
  "avg_train_loss": 0.7321876585483551,
  "tau": 0.05089593306183815
}