{
  "i2t_R@1": 0.3199999928474426,
  "t2i_R@1": 0.4000000059604645,
  "i2t_R@5": 0.6899999976158142,
  "t2i_R@5": 0.8100000023841858,
  "i2t_R@10": 0.8600000143051147,
  "t2i_R@10": 0.8799999952316284,
  "mean_R@10": 0.8700000047683716,
  "avg_train_loss": 0.5734045207500458,
  "tau": 0.051236286759376526
}