{
  "i2t_R@1": 0.3499999940395355,
  "t2i_R@1": 0.09000000357627869,
  "i2t_R@5": 0.699999988079071,
  "t2i_R@5": 0.4300000071525574,
  "i2t_R@10": 0.8299999833106995,
  "t2i_R@10": 0.6700000166893005,
  "mean_R@10": 0.75,
  "avg_train_loss": 0.7375299334526062,
  "tau": 0.051173560321331024
}