{
  "i2t_R@1": 0.12999999523162842,
  "t2i_R@1": 0.03999999910593033,
  "i2t_R@5": 0.3400000035762787,
  "t2i_R@5": 0.10000000149011612,
  "i2t_R@10": 0.41999998688697815,
  "t2i_R@10": 0.23999999463558197,
  "mean_R@10": 0.32999999076128006,
  "avg_train_loss": 0.7569060325622559,
  "tau": 0.05069667473435402
}