{
  "i2t_R@1": 0.05999999865889549,
  "t2i_R@1": 0.03999999910593033,
  "i2t_R@5": 0.1599999964237213,
  "t2i_R@5": 0.07000000029802322,
  "i2t_R@10": 0.27000001072883606,
  "t2i_R@10": 0.1599999964237213,
  "mean_R@10": 0.2150000035762787,
  "avg_train_loss": 1.0064425766468048,
  "tau": 0.05042997747659683
}