{
  "i2t_R@1": 0.3100000023841858,
  "t2i_R@1": 0.28999999165534973,
  "i2t_R@5": 0.699999988079071,
  "t2i_R@5": 0.6800000071525574,
  "i2t_R@10": 0.8799999952316284,
  "t2i_R@10": 0.8100000023841858,
  "mean_R@10": 0.8449999988079071,
  "avg_train_loss": 0.6304492950439453,
  "tau": 0.05124307796359062
}