{
  "i2t_R@1": 0.15000000596046448,
  "t2i_R@1": 0.03999999910593033,
  "i2t_R@5": 0.25999999046325684,
  "t2i_R@5": 0.10000000149011612,
  "i2t_R@10": 0.36000001430511475,
  "t2i_R@10": 0.18000000715255737,
  "mean_R@10": 0.27000001072883606,
  "avg_train_loss": 0.7964605093002319,
  "tau": 0.05057019740343094
}