{
  "i2t_R@1": 0.019999999552965164,
  "t2i_R@1": 0.11999999731779099,
  "i2t_R@5": 0.5099999904632568,
  "t2i_R@5": 0.49000000953674316,
  "i2t_R@10": 0.7300000190734863,
  "t2i_R@10": 0.6200000047683716,
  "mean_R@10": 0.675000011920929,
  "avg_train_loss": 0.7573542892932892,
  "tau": 0.05112028121948242
}