{
  "i2t_R@1": 0.019999999552965164,
  "t2i_R@1": 0.019999999552965164,
  "i2t_R@5": 0.10000000149011612,
  "t2i_R@5": 0.07999999821186066,
  "i2t_R@10": 0.14000000059604645,
  "t2i_R@10": 0.15000000596046448,
  "mean_R@10": 0.14500000327825546,
  "avg_train_loss": 2.0580405592918396,
  "tau": 0.05011399835348129
}