{
  "i2t_R@1": 0.38999998569488525,
  "t2i_R@1": 0.23000000417232513,
  "i2t_R@5": 0.7699999809265137,
  "t2i_R@5": 0.5799999833106995,
  "i2t_R@10": 0.9100000262260437,
  "t2i_R@10": 0.8199999928474426,
  "mean_R@10": 0.8650000095367432,
  "avg_train_loss": 0.6768221259117126,
  "tau": 0.051228344440460205
}