{
  "i2t_R@1": 0.0,
  "t2i_R@1": 0.009999999776482582,
  "i2t_R@5": 0.05999999865889549,
  "t2i_R@5": 0.07999999821186066,
  "i2t_R@10": 0.1599999964237213,
  "t2i_R@10": 0.15000000596046448,
  "mean_R@10": 0.1550000011920929,
  "avg_train_loss": 1.3341699242591858,
  "tau": 0.05027280002832413
}