{
  "i2t_R@1": 0.3199999928474426,
  "t2i_R@1": 0.4000000059604645,
  "i2t_R@5": 0.7099999785423279,
  "t2i_R@5": 0.8100000023841858,
  "i2t_R@10": 0.8700000047683716,
  "t2i_R@10": 0.8799999952316284,
  "mean_R@10": 0.875,
  "avg_train_loss": 0.5609810948371887,
  "tau": 0.05123314633965492
}