{
  "i2t_R@1": 0.05999999865889549,
  "t2i_R@1": 0.07000000029802322,
  "i2t_R@5": 0.20000000298023224,
  "t2i_R@5": 0.1599999964237213,
  "i2t_R@10": 0.28999999165534973,
  "t2i_R@10": 0.23999999463558197,
  "mean_R@10": 0.26499999314546585,
  "avg_train_loss": 0.7300871908664703,
  "tau": 0.05080242455005646
}