{
  "i2t_R@1": 0.18000000715255737,
  "t2i_R@1": 0.07999999821186066,
  "i2t_R@5": 0.44999998807907104,
  "t2i_R@5": 0.2800000011920929,
  "i2t_R@10": 0.5299999713897705,
  "t2i_R@10": 0.44999998807907104,
  "mean_R@10": 0.4899999797344208,
  "avg_train_loss": 0.8985162079334259,
  "tau": 0.05098246410489082
}