{
  "i2t_R@1": 0.30000001192092896,
  "t2i_R@1": 0.3400000035762787,
  "i2t_R@5": 0.6600000262260437,
  "t2i_R@5": 0.7300000190734863,
  "i2t_R@10": 0.8399999737739563,
  "t2i_R@10": 0.8500000238418579,
  "mean_R@10": 0.8449999988079071,
  "avg_train_loss": 0.5897502303123474,
  "tau": 0.05124417692422867
}