{
  "i2t_R@1": 0.14000000059604645,
  "t2i_R@1": 0.17000000178813934,
  "i2t_R@5": 0.550000011920929,
  "t2i_R@5": 0.5299999713897705,
  "i2t_R@10": 0.8799999952316284,
  "t2i_R@10": 0.6399999856948853,
  "mean_R@10": 0.7599999904632568,
  "avg_train_loss": 0.7331283986568451,
  "tau": 0.05105861276388168
}