{
  "i2t_R@1": 0.3700000047683716,
  "t2i_R@1": 0.14000000059604645,
  "i2t_R@5": 0.7300000190734863,
  "t2i_R@5": 0.550000011920929,
  "i2t_R@10": 0.8299999833106995,
  "t2i_R@10": 0.7400000095367432,
  "mean_R@10": 0.7849999964237213,
  "avg_train_loss": 0.6367829144001007,
  "tau": 0.05120557174086571
}