{
  "i2t_R@1": 0.3199999928474426,
  "t2i_R@1": 0.3499999940395355,
  "i2t_R@5": 0.6700000166893005,
  "t2i_R@5": 0.800000011920929,
  "i2t_R@10": 0.8600000143051147,
  "t2i_R@10": 0.8600000143051147,
  "mean_R@10": 0.8600000143051147,
  "avg_train_loss": 0.5819479823112488,
  "tau": 0.051240306347608566
}