{
  "i2t_R@1": 0.33000001311302185,
  "t2i_R@1": 0.3799999952316284,
  "i2t_R@5": 0.7200000286102295,
  "t2i_R@5": 0.8199999928474426,
  "i2t_R@10": 0.8999999761581421,
  "t2i_R@10": 0.8999999761581421,
  "mean_R@10": 0.8999999761581421,
  "avg_train_loss": 0.5594404935836792,
  "tau": 0.05123158544301987,
  "duration_sec": 1.7289650440216064,
  "params": {
    "lr": 0.001731207139478442,
    "dropout": 0.2,
    "hidden_mult": 0.5,
    "proj_dim": 512,
    "label_smoothing": 0.05,
    "warmup_frac": 0.0,
    "use_pos_weight_balancing": false
  },
  "run_name": "trial_021",
  "score": 0.8440559267997741
}