{
  "i2t_R@1": 0.2199999988079071,
  "t2i_R@1": 0.029999999329447746,
  "i2t_R@5": 0.5199999809265137,
  "t2i_R@5": 0.12999999523162842,
  "i2t_R@10": 0.6299999952316284,
  "t2i_R@10": 0.23999999463558197,
  "mean_R@10": 0.4349999949336052,
  "avg_train_loss": 1.6095644235610962,
  "tau": 0.05063658952713013
}