{
  "i2t_R@1": 0.49000000953674316,
  "t2i_R@1": 0.12999999523162842,
  "i2t_R@5": 0.8100000023841858,
  "t2i_R@5": 0.4699999988079071,
  "i2t_R@10": 0.9100000262260437,
  "t2i_R@10": 0.5799999833106995,
  "mean_R@10": 0.7450000047683716,
  "avg_train_loss": 1.2794239521026611,
  "tau": 0.05087128281593323
}