{
  "i2t_R@1": 0.07999999821186066,
  "t2i_R@1": 0.009999999776482582,
  "i2t_R@5": 0.18000000715255737,
  "t2i_R@5": 0.09000000357627869,
  "i2t_R@10": 0.30000001192092896,
  "t2i_R@10": 0.14000000059604645,
  "mean_R@10": 0.2200000062584877,
  "avg_train_loss": 3.8028082847595215,
  "tau": 0.05033796280622482
}