{
  "i2t_R@1": 0.44999998807907104,
  "t2i_R@1": 0.11999999731779099,
  "i2t_R@5": 0.7799999713897705,
  "t2i_R@5": 0.38999998569488525,
  "i2t_R@10": 0.9200000166893005,
  "t2i_R@10": 0.5,
  "mean_R@10": 0.7100000083446503,
  "avg_train_loss": 1.3016145825386047,
  "tau": 0.05086378753185272
}