{
  "i2t_R@1": 0.25999999046325684,
  "t2i_R@1": 0.10000000149011612,
  "i2t_R@5": 0.5899999737739563,
  "t2i_R@5": 0.23000000417232513,
  "i2t_R@10": 0.7099999785423279,
  "t2i_R@10": 0.33000001311302185,
  "mean_R@10": 0.5199999958276749,
  "avg_train_loss": 1.7188862562179565,
  "tau": 0.05081406608223915
}