{
  "i2t_R@1": 0.019999999552965164,
  "t2i_R@1": 0.019999999552965164,
  "i2t_R@5": 0.10000000149011612,
  "t2i_R@5": 0.05999999865889549,
  "i2t_R@10": 0.36000001430511475,
  "t2i_R@10": 0.1599999964237213,
  "mean_R@10": 0.26000000536441803,
  "avg_train_loss": 2.3208494782447815,
  "tau": 0.05042271316051483
}