{
  "i2t_R@1": 0.44999998807907104,
  "t2i_R@1": 0.07999999821186066,
  "i2t_R@5": 0.7900000214576721,
  "t2i_R@5": 0.3199999928474426,
  "i2t_R@10": 0.8999999761581421,
  "t2i_R@10": 0.5,
  "mean_R@10": 0.699999988079071,
  "avg_train_loss": 1.3740498423576355,
  "tau": 0.05085558816790581
}