{
  "i2t_R@1": 0.3700000047683716,
  "t2i_R@1": 0.07999999821186066,
  "i2t_R@5": 0.5899999737739563,
  "t2i_R@5": 0.1599999964237213,
  "i2t_R@10": 0.6800000071525574,
  "t2i_R@10": 0.23000000417232513,
  "mean_R@10": 0.45500000566244125,
  "avg_train_loss": 1.9378079175949097,
  "tau": 0.05074475333094597
}