{
  "i2t_R@1": 0.009999999776482582,
  "t2i_R@1": 0.0,
  "i2t_R@5": 0.05999999865889549,
  "t2i_R@5": 0.03999999910593033,
  "i2t_R@10": 0.14000000059604645,
  "t2i_R@10": 0.10000000149011612,
  "mean_R@10": 0.12000000104308128,
  "avg_train_loss": 3.965822696685791,
  "tau": 0.050069987773895264
}