{
  "i2t_R@1": 0.25999999046325684,
  "t2i_R@1": 0.029999999329447746,
  "i2t_R@5": 0.4099999964237213,
  "t2i_R@5": 0.12999999523162842,
  "i2t_R@10": 0.6100000143051147,
  "t2i_R@10": 0.2199999988079071,
  "mean_R@10": 0.4150000065565109,
  "avg_train_loss": 2.278343081474304,
  "tau": 0.050575632601976395
}