{
  "i2t_R@1": 0.4399999976158142,
  "t2i_R@1": 0.15000000596046448,
  "i2t_R@5": 0.8199999928474426,
  "t2i_R@5": 0.4399999976158142,
  "i2t_R@10": 0.9100000262260437,
  "t2i_R@10": 0.5400000214576721,
  "mean_R@10": 0.7250000238418579,
  "avg_train_loss": 1.3040348887443542,
  "tau": 0.05087055265903473
}