{
  "i2t_R@1": 0.3700000047683716,
  "t2i_R@1": 0.05999999865889549,
  "i2t_R@5": 0.6000000238418579,
  "t2i_R@5": 0.1599999964237213,
  "i2t_R@10": 0.6800000071525574,
  "t2i_R@10": 0.25,
  "mean_R@10": 0.4650000035762787,
  "avg_train_loss": 2.505362629890442,
  "tau": 0.05069385841488838
}