{
  "i2t_R@1": 0.05000000074505806,
  "t2i_R@1": 0.009999999776482582,
  "i2t_R@5": 0.14000000059604645,
  "t2i_R@5": 0.05999999865889549,
  "i2t_R@10": 0.23999999463558197,
  "t2i_R@10": 0.15000000596046448,
  "mean_R@10": 0.19500000029802322,
  "avg_train_loss": 2.093845844268799,
  "tau": 0.050250258296728134
}