{
  "i2t_R@1": 0.25,
  "t2i_R@1": 0.10000000149011612,
  "i2t_R@5": 0.5699999928474426,
  "t2i_R@5": 0.20999999344348907,
  "i2t_R@10": 0.6800000071525574,
  "t2i_R@10": 0.28999999165534973,
  "mean_R@10": 0.48499999940395355,
  "avg_train_loss": 1.3818537592887878,
  "tau": 0.05078316852450371
}