{
  "i2t_R@1": 0.019999999552965164,
  "t2i_R@1": 0.009999999776482582,
  "i2t_R@5": 0.05000000074505806,
  "t2i_R@5": 0.05999999865889549,
  "i2t_R@10": 0.09000000357627869,
  "t2i_R@10": 0.07999999821186066,
  "mean_R@10": 0.08500000089406967,
  "avg_train_loss": 2.3776824474334717,
  "tau": 0.05001187324523926
}