{
  "i2t_R@1": 0.49000000953674316,
  "t2i_R@1": 0.14000000059604645,
  "i2t_R@5": 0.8100000023841858,
  "t2i_R@5": 0.46000000834465027,
  "i2t_R@10": 0.9100000262260437,
  "t2i_R@10": 0.550000011920929,
  "mean_R@10": 0.7300000190734863,
  "avg_train_loss": 1.287250280380249,
  "tau": 0.050871267914772034
}