{
  "i2t_R@1": 0.009999999776482582,
  "t2i_R@1": 0.029999999329447746,
  "i2t_R@5": 0.15000000596046448,
  "t2i_R@5": 0.07999999821186066,
  "i2t_R@10": 0.46000000834465027,
  "t2i_R@10": 0.17000000178813934,
  "mean_R@10": 0.3150000050663948,
  "avg_train_loss": 2.4237520694732666,
  "tau": 0.05050118267536163
}