{
  "i2t_R@1": 0.3799999952316284,
  "t2i_R@1": 0.07000000029802322,
  "i2t_R@5": 0.7400000095367432,
  "t2i_R@5": 0.28999999165534973,
  "i2t_R@10": 0.8399999737739563,
  "t2i_R@10": 0.4000000059604645,
  "mean_R@10": 0.6199999898672104,
  "avg_train_loss": 1.6384692192077637,
  "tau": 0.050838593393564224
}