{
  "i2t_R@1": 0.4399999976158142,
  "t2i_R@1": 0.15000000596046448,
  "i2t_R@5": 0.8100000023841858,
  "t2i_R@5": 0.41999998688697815,
  "i2t_R@10": 0.9200000166893005,
  "t2i_R@10": 0.5199999809265137,
  "mean_R@10": 0.7199999988079071,
  "avg_train_loss": 1.3219319581985474,
  "tau": 0.050868332386016846
}