{
  "i2t_R@1": 0.009999999776482582,
  "t2i_R@1": 0.009999999776482582,
  "i2t_R@5": 0.05000000074505806,
  "t2i_R@5": 0.09000000357627869,
  "i2t_R@10": 0.17000000178813934,
  "t2i_R@10": 0.15000000596046448,
  "mean_R@10": 0.1600000038743019,
  "avg_train_loss": 2.6945635080337524,
  "tau": 0.050161801278591156
}