{
  "i2t_R@1": 0.009999999776482582,
  "t2i_R@1": 0.009999999776482582,
  "i2t_R@5": 0.09000000357627869,
  "t2i_R@5": 0.07000000029802322,
  "i2t_R@10": 0.11999999731779099,
  "t2i_R@10": 0.12999999523162842,
  "mean_R@10": 0.1249999962747097,
  "avg_train_loss": 1.9714882373809814,
  "tau": 0.050726525485515594
}