{
  "i2t_R@1": 0.029999999329447746,
  "t2i_R@1": 0.009999999776482582,
  "i2t_R@5": 0.10999999940395355,
  "t2i_R@5": 0.07999999821186066,
  "i2t_R@10": 0.17000000178813934,
  "t2i_R@10": 0.11999999731779099,
  "mean_R@10": 0.14499999955296516,
  "avg_train_loss": 6.462015390396118,
  "tau": 0.050265368074178696
}