{
  "i2t_R@1": 0.019999999552965164,
  "t2i_R@1": 0.009999999776482582,
  "i2t_R@5": 0.10000000149011612,
  "t2i_R@5": 0.07999999821186066,
  "i2t_R@10": 0.20000000298023224,
  "t2i_R@10": 0.11999999731779099,
  "mean_R@10": 0.1600000001490116,
  "avg_train_loss": 10.222894191741943,
  "tau": 0.0501149520277977
}