{
  "i2t_R@1": 0.019999999552965164,
  "t2i_R@1": 0.009999999776482582,
  "i2t_R@5": 0.05000000074505806,
  "t2i_R@5": 0.05999999865889549,
  "i2t_R@10": 0.11999999731779099,
  "t2i_R@10": 0.12999999523162842,
  "mean_R@10": 0.1249999962747097,
  "avg_train_loss": 2.149661421775818,
  "tau": 0.050862766802310944
}