{
  "i2t_R@1": 0.009999999776482582,
  "t2i_R@1": 0.009999999776482582,
  "i2t_R@5": 0.07999999821186066,
  "t2i_R@5": 0.05999999865889549,
  "i2t_R@10": 0.14000000059604645,
  "t2i_R@10": 0.10999999940395355,
  "mean_R@10": 0.125,
  "avg_train_loss": 0.6977967023849487,
  "tau": 0.051077812910079956
}