{
  "i2t_R@1": 0.03999999910593033,
  "t2i_R@1": 0.019999999552965164,
  "i2t_R@5": 0.11999999731779099,
  "t2i_R@5": 0.07000000029802322,
  "i2t_R@10": 0.18000000715255737,
  "t2i_R@10": 0.11999999731779099,
  "mean_R@10": 0.15000000223517418,
  "avg_train_loss": 0.6953293681144714,
  "tau": 0.051593367010354996
}