{
  "i2t_R@1": 0.009999999776482582,
  "t2i_R@1": 0.009999999776482582,
  "i2t_R@5": 0.05999999865889549,
  "t2i_R@5": 0.05999999865889549,
  "i2t_R@10": 0.1599999964237213,
  "t2i_R@10": 0.10999999940395355,
  "mean_R@10": 0.13499999791383743,
  "avg_train_loss": 0.8827259540557861,
  "tau": 0.0507657490670681
}