{
  "i2t_R@1": 0.029999999329447746,
  "t2i_R@1": 0.009999999776482582,
  "i2t_R@5": 0.10999999940395355,
  "t2i_R@5": 0.05999999865889549,
  "i2t_R@10": 0.18000000715255737,
  "t2i_R@10": 0.12999999523162842,
  "mean_R@10": 0.1550000011920929,
  "avg_train_loss": 0.7084229588508606,
  "tau": 0.05138809606432915
}