{
  "i2t_R@1": 0.03999999910593033,
  "t2i_R@1": 0.009999999776482582,
  "i2t_R@5": 0.09000000357627869,
  "t2i_R@5": 0.07999999821186066,
  "i2t_R@10": 0.12999999523162842,
  "t2i_R@10": 0.11999999731779099,
  "mean_R@10": 0.1249999962747097,
  "avg_train_loss": 0.7121971845626831,
  "tau": 0.051299355924129486
}