{
  "i2t_R@1": 0.009999999776482582,
  "t2i_R@1": 0.009999999776482582,
  "i2t_R@5": 0.09000000357627869,
  "t2i_R@5": 0.05000000074505806,
  "i2t_R@10": 0.1899999976158142,
  "t2i_R@10": 0.10000000149011612,
  "mean_R@10": 0.14499999955296516,
  "avg_train_loss": 0.7771594524383545,
  "tau": 0.0509360171854496
}