{
  "i2t_R@1": 0.029999999329447746,
  "t2i_R@1": 0.019999999552965164,
  "i2t_R@5": 0.11999999731779099,
  "t2i_R@5": 0.07000000029802322,
  "i2t_R@10": 0.17000000178813934,
  "t2i_R@10": 0.11999999731779099,
  "mean_R@10": 0.14499999955296516,
  "avg_train_loss": 0.7029030919075012,
  "tau": 0.0515202060341835
}