{
  "i2t_R@1": 0.029999999329447746,
  "t2i_R@1": 0.009999999776482582,
  "i2t_R@5": 0.11999999731779099,
  "t2i_R@5": 0.05999999865889549,
  "i2t_R@10": 0.17000000178813934,
  "t2i_R@10": 0.11999999731779099,
  "mean_R@10": 0.14499999955296516,
  "avg_train_loss": 0.7074873149394989,
  "tau": 0.05146209895610809
}