{
  "i2t_R@1": 0.019999999552965164,
  "t2i_R@1": 0.019999999552965164,
  "i2t_R@5": 0.11999999731779099,
  "t2i_R@5": 0.09000000357627869,
  "i2t_R@10": 0.17000000178813934,
  "t2i_R@10": 0.15000000596046448,
  "mean_R@10": 0.1600000038743019,
  "avg_train_loss": 0.6900359094142914,
  "tau": 0.051635947078466415
}