{
  "i2t_R@1": 0.029999999329447746,
  "t2i_R@1": 0.019999999552965164,
  "i2t_R@5": 0.10999999940395355,
  "t2i_R@5": 0.07000000029802322,
  "i2t_R@10": 0.15000000596046448,
  "t2i_R@10": 0.12999999523162842,
  "mean_R@10": 0.14000000059604645,
  "avg_train_loss": 0.694890171289444,
  "tau": 0.05156268551945686
}