{
  "i2t_R@1": 0.009999999776482582,
  "t2i_R@1": 0.019999999552965164,
  "i2t_R@5": 0.07999999821186066,
  "t2i_R@5": 0.07000000029802322,
  "i2t_R@10": 0.12999999523162842,
  "t2i_R@10": 0.11999999731779099,
  "mean_R@10": 0.1249999962747097,
  "avg_train_loss": 0.7053957879543304,
  "tau": 0.051194965839385986
}