{
  "i2t_R@1": 0.009999999776482582,
  "t2i_R@1": 0.009999999776482582,
  "i2t_R@5": 0.09000000357627869,
  "t2i_R@5": 0.05999999865889549,
  "i2t_R@10": 0.10999999940395355,
  "t2i_R@10": 0.10999999940395355,
  "mean_R@10": 0.10999999940395355,
  "avg_train_loss": 1.2975121140480042,
  "tau": 0.05037689581513405
}