{
  "i2t_R@1": 0.019999999552965164,
  "t2i_R@1": 0.019999999552965164,
  "i2t_R@5": 0.11999999731779099,
  "t2i_R@5": 0.09000000357627869,
  "i2t_R@10": 0.17000000178813934,
  "t2i_R@10": 0.15000000596046448,
  "mean_R@10": 0.1600000038743019,
  "avg_train_loss": 0.6880961656570435,
  "tau": 0.051637470722198486,
  "duration_sec": 2.0439906120300293,
  "params": {
    "lr": 0.002725468823377698,
    "dropout": 0.2,
    "hidden_mult": 1.5,
    "proj_dim": 256,
    "label_smoothing": 0.1,
    "warmup_frac": 0.05,
    "use_pos_weight_balancing": false
  },
  "run_name": "trial_001",
  "score": 0.09119038730859756
}