{
  "i2t_R@1": 0.17000000178813934,
  "t2i_R@1": 0.10000000149011612,
  "i2t_R@5": 0.46000000834465027,
  "t2i_R@5": 0.25,
  "i2t_R@10": 0.6899999976158142,
  "t2i_R@10": 0.36000001430511475,
  "mean_R@10": 0.5250000059604645,
  "avg_train_loss": 0.8646836876869202,
  "tau": 0.05032993108034134
}