{
  "i2t_R@1": 0.05999999865889549,
  "t2i_R@1": 0.07000000029802322,
  "i2t_R@5": 0.12999999523162842,
  "t2i_R@5": 0.20999999344348907,
  "i2t_R@10": 0.41999998688697815,
  "t2i_R@10": 0.28999999165534973,
  "mean_R@10": 0.35499998927116394,
  "avg_train_loss": 0.9075317680835724,
  "tau": 0.05030079185962677
}