{
  "i2t_R@1": 0.07000000029802322,
  "t2i_R@1": 0.05999999865889549,
  "i2t_R@5": 0.12999999523162842,
  "t2i_R@5": 0.17000000178813934,
  "i2t_R@10": 0.3199999928474426,
  "t2i_R@10": 0.23999999463558197,
  "mean_R@10": 0.2799999937415123,
  "avg_train_loss": 0.907342940568924,
  "tau": 0.05026905983686447
}