{
  "i2t_R@1": 0.09000000357627869,
  "t2i_R@1": 0.019999999552965164,
  "i2t_R@5": 0.12999999523162842,
  "t2i_R@5": 0.05999999865889549,
  "i2t_R@10": 0.2199999988079071,
  "t2i_R@10": 0.15000000596046448,
  "mean_R@10": 0.1850000023841858,
  "avg_train_loss": 1.376402884721756,
  "tau": 0.0500817708671093
}