{
  "i2t_R@1": 0.4099999964237213,
  "t2i_R@1": 0.25,
  "i2t_R@5": 0.7400000095367432,
  "t2i_R@5": 0.5699999928474426,
  "i2t_R@10": 0.8199999928474426,
  "t2i_R@10": 0.6800000071525574,
  "mean_R@10": 0.75,
  "avg_train_loss": 0.640801876783371,
  "tau": 0.05037670582532883
}