{
  "i2t_R@1": 0.550000011920929,
  "t2i_R@1": 0.44999998807907104,
  "i2t_R@5": 0.8600000143051147,
  "t2i_R@5": 0.7599999904632568,
  "i2t_R@10": 0.9599999785423279,
  "t2i_R@10": 0.8700000047683716,
  "mean_R@10": 0.9149999916553497,
  "avg_train_loss": 0.5808879137039185,
  "tau": 0.05038003250956535
}