{
  "i2t_R@1": 0.30000001192092896,
  "t2i_R@1": 0.17000000178813934,
  "i2t_R@5": 0.6299999952316284,
  "t2i_R@5": 0.36000001430511475,
  "i2t_R@10": 0.7900000214576721,
  "t2i_R@10": 0.5199999809265137,
  "mean_R@10": 0.6550000011920929,
  "avg_train_loss": 0.6900116205215454,
  "tau": 0.050349172204732895
}