{
  "i2t_R@1": 0.3799999952316284,
  "t2i_R@1": 0.25,
  "i2t_R@5": 0.7099999785423279,
  "t2i_R@5": 0.5,
  "i2t_R@10": 0.8299999833106995,
  "t2i_R@10": 0.6299999952316284,
  "mean_R@10": 0.7299999892711639,
  "avg_train_loss": 0.7569243609905243,
  "tau": 0.05036551132798195
}