{
  "i2t_R@1": 0.5099999904632568,
  "t2i_R@1": 0.4099999964237213,
  "i2t_R@5": 0.8299999833106995,
  "t2i_R@5": 0.7200000286102295,
  "i2t_R@10": 0.9399999976158142,
  "t2i_R@10": 0.8199999928474426,
  "mean_R@10": 0.8799999952316284,
  "avg_train_loss": 0.6066751480102539,
  "tau": 0.05038502812385559
}