{
  "i2t_R@1": 0.550000011920929,
  "t2i_R@1": 0.46000000834465027,
  "i2t_R@5": 0.8600000143051147,
  "t2i_R@5": 0.7699999809265137,
  "i2t_R@10": 0.9599999785423279,
  "t2i_R@10": 0.8700000047683716,
  "mean_R@10": 0.9149999916553497,
  "avg_train_loss": 0.575541079044342,
  "tau": 0.05037805065512657
}