{
  "i2t_R@1": 0.47999998927116394,
  "t2i_R@1": 0.3400000035762787,
  "i2t_R@5": 0.7900000214576721,
  "t2i_R@5": 0.6700000166893005,
  "i2t_R@10": 0.9300000071525574,
  "t2i_R@10": 0.800000011920929,
  "mean_R@10": 0.8650000095367432,
  "avg_train_loss": 0.6175483763217926,
  "tau": 0.050386086106300354
}