{
  "i2t_R@1": 0.5299999713897705,
  "t2i_R@1": 0.4399999976158142,
  "i2t_R@5": 0.8399999737739563,
  "t2i_R@5": 0.7300000190734863,
  "i2t_R@10": 0.949999988079071,
  "t2i_R@10": 0.8399999737739563,
  "mean_R@10": 0.8949999809265137,
  "avg_train_loss": 0.5921837389469147,
  "tau": 0.05038278177380562
}