{
  "i2t_R@1": 0.029999999329447746,
  "t2i_R@1": 0.05000000074505806,
  "i2t_R@5": 0.1899999976158142,
  "t2i_R@5": 0.14000000059604645,
  "i2t_R@10": 0.3199999928474426,
  "t2i_R@10": 0.25999999046325684,
  "mean_R@10": 0.28999999165534973,
  "avg_train_loss": 0.8549507856369019,
  "tau": 0.05016046017408371
}