{
  "i2t_R@1": 0.10000000149011612,
  "t2i_R@1": 0.009999999776482582,
  "i2t_R@5": 0.18000000715255737,
  "t2i_R@5": 0.15000000596046448,
  "i2t_R@10": 0.25,
  "t2i_R@10": 0.20999999344348907,
  "mean_R@10": 0.22999999672174454,
  "avg_train_loss": 0.805098295211792,
  "tau": 0.05012283846735954
}