{
  "i2t_R@1": 0.4699999988079071,
  "t2i_R@1": 0.30000001192092896,
  "i2t_R@5": 0.7699999809265137,
  "t2i_R@5": 0.5899999737739563,
  "i2t_R@10": 0.8700000047683716,
  "t2i_R@10": 0.7400000095367432,
  "mean_R@10": 0.8050000071525574,
  "avg_train_loss": 0.6493305265903473,
  "tau": 0.05038386583328247
}