{
  "i2t_R@1": 0.05999999865889549,
  "t2i_R@1": 0.029999999329447746,
  "i2t_R@5": 0.33000001311302185,
  "t2i_R@5": 0.11999999731779099,
  "i2t_R@10": 0.4300000071525574,
  "t2i_R@10": 0.23000000417232513,
  "mean_R@10": 0.33000000566244125,
  "avg_train_loss": 1.1180377304553986,
  "tau": 0.05023377388715744
}