{
  "i2t_R@1": 0.10000000149011612,
  "t2i_R@1": 0.029999999329447746,
  "i2t_R@5": 0.27000001072883606,
  "t2i_R@5": 0.10000000149011612,
  "i2t_R@10": 0.4399999976158142,
  "t2i_R@10": 0.25,
  "mean_R@10": 0.3449999988079071,
  "avg_train_loss": 0.87196484208107,
  "tau": 0.05019743740558624
}