{
  "i2t_R@1": 0.05000000074505806,
  "t2i_R@1": 0.019999999552965164,
  "i2t_R@5": 0.07999999821186066,
  "t2i_R@5": 0.07000000029802322,
  "i2t_R@10": 0.14000000059604645,
  "t2i_R@10": 0.15000000596046448,
  "mean_R@10": 0.14500000327825546,
  "avg_train_loss": 2.322021782398224,
  "tau": 0.05003555864095688
}