{
  "i2t_R@1": 0.5699999928474426,
  "t2i_R@1": 0.4699999988079071,
  "i2t_R@5": 0.8700000047683716,
  "t2i_R@5": 0.7799999713897705,
  "i2t_R@10": 0.9599999785423279,
  "t2i_R@10": 0.8700000047683716,
  "mean_R@10": 0.9149999916553497,
  "avg_train_loss": 0.5711203217506409,
  "tau": 0.05037669092416763,
  "duration_sec": 2.104924201965332,
  "params": {
    "lr": 0.0005083476770258745,
    "dropout": 0.2,
    "hidden_mult": 1.5,
    "proj_dim": 256,
    "label_smoothing": 0.0,
    "warmup_frac": 0.0,
    "use_pos_weight_balancing": false
  },
  "run_name": "trial_027",
  "score": 0.8578879594802856
}