{
  "i2t_R@1": 0.009999999776482582,
  "t2i_R@1": 0.009999999776482582,
  "i2t_R@5": 0.05999999865889549,
  "t2i_R@5": 0.05999999865889549,
  "i2t_R@10": 0.10999999940395355,
  "t2i_R@10": 0.10999999940395355,
  "mean_R@10": 0.10999999940395355,
  "avg_train_loss": 1.0140836238861084,
  "tau": 0.05194311589002609
}