{
  "i2t_R@1": 0.03999999910593033,
  "t2i_R@1": 0.009999999776482582,
  "i2t_R@5": 0.05000000074505806,
  "t2i_R@5": 0.05000000074505806,
  "i2t_R@10": 0.10000000149011612,
  "t2i_R@10": 0.07999999821186066,
  "mean_R@10": 0.08999999985098839,
  "avg_train_loss": 1.0283138155937195,
  "tau": 0.05004730075597763
}