{
  "i2t_R@1": 0.03999999910593033,
  "t2i_R@1": 0.019999999552965164,
  "i2t_R@5": 0.10000000149011612,
  "t2i_R@5": 0.07999999821186066,
  "i2t_R@10": 0.14000000059604645,
  "t2i_R@10": 0.14000000059604645,
  "mean_R@10": 0.14000000059604645,
  "avg_train_loss": 3.334277629852295,
  "tau": 0.050933293998241425
}