{
  "i2t_R@1": 0.009999999776482582,
  "t2i_R@1": 0.009999999776482582,
  "i2t_R@5": 0.05000000074505806,
  "t2i_R@5": 0.05000000074505806,
  "i2t_R@10": 0.10999999940395355,
  "t2i_R@10": 0.10999999940395355,
  "mean_R@10": 0.10999999940395355,
  "avg_train_loss": 1.1146982312202454,
  "tau": 0.05224912241101265
}