{
  "i2t_R@1": 0.0,
  "t2i_R@1": 0.019999999552965164,
  "i2t_R@5": 0.05000000074505806,
  "t2i_R@5": 0.07000000029802322,
  "i2t_R@10": 0.1599999964237213,
  "t2i_R@10": 0.14000000059604645,
  "mean_R@10": 0.14999999850988388,
  "avg_train_loss": 0.8384682238101959,
  "tau": 0.0514199361205101
}