{
  "i2t_R@1": 0.019999999552965164,
  "t2i_R@1": 0.019999999552965164,
  "i2t_R@5": 0.07000000029802322,
  "t2i_R@5": 0.09000000357627869,
  "i2t_R@10": 0.17000000178813934,
  "t2i_R@10": 0.12999999523162842,
  "mean_R@10": 0.14999999850988388,
  "avg_train_loss": 0.7032357156276703,
  "tau": 0.05200904235243797
}