{
  "i2t_R@1": 0.029999999329447746,
  "t2i_R@1": 0.019999999552965164,
  "i2t_R@5": 0.10999999940395355,
  "t2i_R@5": 0.07999999821186066,
  "i2t_R@10": 0.18000000715255737,
  "t2i_R@10": 0.15000000596046448,
  "mean_R@10": 0.16500000655651093,
  "avg_train_loss": 0.7397477328777313,
  "tau": 0.05158128961920738
}