{
  "i2t_R@1": 0.009999999776482582,
  "t2i_R@1": 0.009999999776482582,
  "i2t_R@5": 0.05999999865889549,
  "t2i_R@5": 0.05000000074505806,
  "i2t_R@10": 0.11999999731779099,
  "t2i_R@10": 0.09000000357627869,
  "mean_R@10": 0.10500000044703484,
  "avg_train_loss": 0.8635129332542419,
  "tau": 0.05003466457128525
}