{
  "i2t_R@1": 0.019999999552965164,
  "t2i_R@1": 0.009999999776482582,
  "i2t_R@5": 0.07000000029802322,
  "t2i_R@5": 0.07999999821186066,
  "i2t_R@10": 0.15000000596046448,
  "t2i_R@10": 0.12999999523162842,
  "mean_R@10": 0.14000000059604645,
  "avg_train_loss": 2.5842723846435547,
  "tau": 0.050815314054489136
}