{
  "i2t_R@1": 0.009999999776482582,
  "t2i_R@1": 0.009999999776482582,
  "i2t_R@5": 0.10000000149011612,
  "t2i_R@5": 0.07000000029802322,
  "i2t_R@10": 0.15000000596046448,
  "t2i_R@10": 0.11999999731779099,
  "mean_R@10": 0.13500000163912773,
  "avg_train_loss": 0.7772108912467957,
  "tau": 0.05172725021839142
}