{
  "i2t_R@1": 0.029999999329447746,
  "t2i_R@1": 0.009999999776482582,
  "i2t_R@5": 0.05999999865889549,
  "t2i_R@5": 0.05999999865889549,
  "i2t_R@10": 0.17000000178813934,
  "t2i_R@10": 0.10999999940395355,
  "mean_R@10": 0.14000000059604645,
  "avg_train_loss": 1.1086594462394714,
  "tau": 0.051038749516010284
}