{
  "i2t_R@1": 0.009999999776482582,
  "t2i_R@1": 0.009999999776482582,
  "i2t_R@5": 0.09000000357627869,
  "t2i_R@5": 0.05000000074505806,
  "i2t_R@10": 0.15000000596046448,
  "t2i_R@10": 0.10999999940395355,
  "mean_R@10": 0.13000000268220901,
  "avg_train_loss": 6.881097793579102,
  "tau": 0.05016584321856499
}