{
  "i2t_R@1": 0.019999999552965164,
  "t2i_R@1": 0.029999999329447746,
  "i2t_R@5": 0.07000000029802322,
  "t2i_R@5": 0.05999999865889549,
  "i2t_R@10": 0.10999999940395355,
  "t2i_R@10": 0.12999999523162842,
  "mean_R@10": 0.11999999731779099,
  "avg_train_loss": 1.4026228189468384,
  "tau": 0.050379130989313126
}