{
  "i2t_R@1": 0.019999999552965164,
  "t2i_R@1": 0.019999999552965164,
  "i2t_R@5": 0.07000000029802322,
  "t2i_R@5": 0.07000000029802322,
  "i2t_R@10": 0.18000000715255737,
  "t2i_R@10": 0.14000000059604645,
  "mean_R@10": 0.1600000038743019,
  "avg_train_loss": 0.7154274582862854,
  "tau": 0.05206049978733063
}