{
  "i2t_R@1": 0.019999999552965164,
  "t2i_R@1": 0.009999999776482582,
  "i2t_R@5": 0.05999999865889549,
  "t2i_R@5": 0.05999999865889549,
  "i2t_R@10": 0.17000000178813934,
  "t2i_R@10": 0.12999999523162842,
  "mean_R@10": 0.14999999850988388,
  "avg_train_loss": 0.7227379083633423,
  "tau": 0.051940083503723145
}