{
  "i2t_R@1": 0.029999999329447746,
  "t2i_R@1": 0.019999999552965164,
  "i2t_R@5": 0.05000000074505806,
  "t2i_R@5": 0.05999999865889549,
  "i2t_R@10": 0.15000000596046448,
  "t2i_R@10": 0.10999999940395355,
  "mean_R@10": 0.13000000268220901,
  "avg_train_loss": 0.820977509021759,
  "tau": 0.0512370802462101
}