{
  "i2t_R@1": 0.019999999552965164,
  "t2i_R@1": 0.009999999776482582,
  "i2t_R@5": 0.07000000029802322,
  "t2i_R@5": 0.05999999865889549,
  "i2t_R@10": 0.15000000596046448,
  "t2i_R@10": 0.10999999940395355,
  "mean_R@10": 0.13000000268220901,
  "avg_train_loss": 0.7184562087059021,
  "tau": 0.05184365436434746
}