{
  "i2t_R@1": 0.0,
  "t2i_R@1": 0.019999999552965164,
  "i2t_R@5": 0.05999999865889549,
  "t2i_R@5": 0.07999999821186066,
  "i2t_R@10": 0.10000000149011612,
  "t2i_R@10": 0.18000000715255737,
  "mean_R@10": 0.14000000432133675,
  "avg_train_loss": 6.351197242736816,
  "tau": 0.05013769492506981
}