{
  "i2t_R@1": 0.019999999552965164,
  "t2i_R@1": 0.019999999552965164,
  "i2t_R@5": 0.05999999865889549,
  "t2i_R@5": 0.09000000357627869,
  "i2t_R@10": 0.11999999731779099,
  "t2i_R@10": 0.14000000059604645,
  "mean_R@10": 0.12999999895691872,
  "avg_train_loss": 1.1492112576961517,
  "tau": 0.05086705833673477
}