{
  "i2t_R@1": 0.009999999776482582,
  "t2i_R@1": 0.019999999552965164,
  "i2t_R@5": 0.05999999865889549,
  "t2i_R@5": 0.09000000357627869,
  "i2t_R@10": 0.10999999940395355,
  "t2i_R@10": 0.14000000059604645,
  "mean_R@10": 0.125,
  "avg_train_loss": 1.49978905916214,
  "tau": 0.051041148602962494
}