{
  "i2t_R@1": 0.009999999776482582,
  "t2i_R@1": 0.019999999552965164,
  "i2t_R@5": 0.05000000074505806,
  "t2i_R@5": 0.07999999821186066,
  "i2t_R@10": 0.1599999964237213,
  "t2i_R@10": 0.11999999731779099,
  "mean_R@10": 0.13999999687075615,
  "avg_train_loss": 4.3927998542785645,
  "tau": 0.050507381558418274
}