{
  "i2t_R@1": 0.009999999776482582,
  "t2i_R@1": 0.029999999329447746,
  "i2t_R@5": 0.05999999865889549,
  "t2i_R@5": 0.07000000029802322,
  "i2t_R@10": 0.12999999523162842,
  "t2i_R@10": 0.12999999523162842,
  "mean_R@10": 0.12999999523162842,
  "avg_train_loss": 1.5326717495918274,
  "tau": 0.05069592595100403
}