{
  "i2t_R@1": 0.009999999776482582,
  "t2i_R@1": 0.009999999776482582,
  "i2t_R@5": 0.07999999821186066,
  "t2i_R@5": 0.05000000074505806,
  "i2t_R@10": 0.12999999523162842,
  "t2i_R@10": 0.10999999940395355,
  "mean_R@10": 0.11999999731779099,
  "avg_train_loss": 0.9117051362991333,
  "tau": 0.052185043692588806
}