{
  "i2t_R@1": 0.05999999865889549,
  "t2i_R@1": 0.009999999776482582,
  "i2t_R@5": 0.10000000149011612,
  "t2i_R@5": 0.07000000029802322,
  "i2t_R@10": 0.12999999523162842,
  "t2i_R@10": 0.12999999523162842,
  "mean_R@10": 0.12999999523162842,
  "avg_train_loss": 6.471914768218994,
  "tau": 0.050237081944942474
}