{
  "i2t_R@1": 0.05000000074505806,
  "t2i_R@1": 0.009999999776482582,
  "i2t_R@5": 0.1599999964237213,
  "t2i_R@5": 0.05000000074505806,
  "i2t_R@10": 0.20999999344348907,
  "t2i_R@10": 0.11999999731779099,
  "mean_R@10": 0.16499999538064003,
  "avg_train_loss": 1.9082503020763397,
  "tau": 0.05055498331785202
}