{
  "i2t_R@1": 0.019999999552965164,
  "t2i_R@1": 0.009999999776482582,
  "i2t_R@5": 0.05999999865889549,
  "t2i_R@5": 0.05000000074505806,
  "i2t_R@10": 0.11999999731779099,
  "t2i_R@10": 0.10999999940395355,
  "mean_R@10": 0.11499999836087227,
  "avg_train_loss": 1.4435783624649048,
  "tau": 0.05124008655548096
}