{
  "i2t_R@1": 0.25,
  "t2i_R@1": 0.07999999821186066,
  "i2t_R@5": 0.6899999976158142,
  "t2i_R@5": 0.15000000596046448,
  "i2t_R@10": 0.8100000023841858,
  "t2i_R@10": 0.2199999988079071,
  "mean_R@10": 0.5150000005960464,
  "avg_train_loss": 0.8496341407299042,
  "tau": 0.050815142691135406
}