{
  "i2t_R@1": 0.38999998569488525,
  "t2i_R@1": 0.12999999523162842,
  "i2t_R@5": 0.8100000023841858,
  "t2i_R@5": 0.4300000071525574,
  "i2t_R@10": 0.8799999952316284,
  "t2i_R@10": 0.5099999904632568,
  "mean_R@10": 0.6949999928474426,
  "avg_train_loss": 0.674491822719574,
  "tau": 0.05099017173051834
}