{
  "i2t_R@1": 0.3799999952316284,
  "t2i_R@1": 0.11999999731779099,
  "i2t_R@5": 0.8100000023841858,
  "t2i_R@5": 0.41999998688697815,
  "i2t_R@10": 0.8700000047683716,
  "t2i_R@10": 0.5099999904632568,
  "mean_R@10": 0.6899999976158142,
  "avg_train_loss": 0.6767548024654388,
  "tau": 0.05099007487297058
}