{
  "i2t_R@1": 0.1899999976158142,
  "t2i_R@1": 0.019999999552965164,
  "i2t_R@5": 0.49000000953674316,
  "t2i_R@5": 0.07000000029802322,
  "i2t_R@10": 0.6399999856948853,
  "t2i_R@10": 0.14000000059604645,
  "mean_R@10": 0.38999999314546585,
  "avg_train_loss": 1.0668505132198334,
  "tau": 0.05066854506731033
}