{
  "i2t_R@1": 0.009999999776482582,
  "t2i_R@1": 0.019999999552965164,
  "i2t_R@5": 0.07999999821186066,
  "t2i_R@5": 0.11999999731779099,
  "i2t_R@10": 0.20999999344348907,
  "t2i_R@10": 0.18000000715255737,
  "mean_R@10": 0.19500000029802322,
  "avg_train_loss": 4.580355167388916,
  "tau": 0.050080932676792145
}