{
  "i2t_R@1": 0.17000000178813934,
  "t2i_R@1": 0.05000000074505806,
  "i2t_R@5": 0.5600000023841858,
  "t2i_R@5": 0.20999999344348907,
  "i2t_R@10": 0.8299999833106995,
  "t2i_R@10": 0.25,
  "mean_R@10": 0.5399999916553497,
  "avg_train_loss": 0.7064308226108551,
  "tau": 0.05094093456864357
}