{
  "i2t_R@1": 0.28999999165534973,
  "t2i_R@1": 0.05000000074505806,
  "i2t_R@5": 0.7599999904632568,
  "t2i_R@5": 0.20999999344348907,
  "i2t_R@10": 0.8299999833106995,
  "t2i_R@10": 0.36000001430511475,
  "mean_R@10": 0.5949999988079071,
  "avg_train_loss": 0.7178086340427399,
  "tau": 0.05086914449930191
}