{
  "i2t_R@1": 0.009999999776482582,
  "t2i_R@1": 0.05000000074505806,
  "i2t_R@5": 0.27000001072883606,
  "t2i_R@5": 0.11999999731779099,
  "i2t_R@10": 0.6100000143051147,
  "t2i_R@10": 0.1899999976158142,
  "mean_R@10": 0.4000000059604645,
  "avg_train_loss": 0.9050247073173523,
  "tau": 0.05074596405029297
}