{
  "i2t_R@1": 0.0,
  "t2i_R@1": 0.009999999776482582,
  "i2t_R@5": 0.05999999865889549,
  "t2i_R@5": 0.09000000357627869,
  "i2t_R@10": 0.1599999964237213,
  "t2i_R@10": 0.12999999523162842,
  "mean_R@10": 0.14499999582767487,
  "avg_train_loss": 2.4904204607009888,
  "tau": 0.05019393190741539
}