{
  "i2t_R@1": 0.019999999552965164,
  "t2i_R@1": 0.019999999552965164,
  "i2t_R@5": 0.05000000074505806,
  "t2i_R@5": 0.05000000074505806,
  "i2t_R@10": 0.10999999940395355,
  "t2i_R@10": 0.11999999731779099,
  "mean_R@10": 0.11499999836087227,
  "avg_train_loss": 0.8077752888202667,
  "tau": 0.05001615360379219
}