{
  "i2t_R@1": 0.3499999940395355,
  "t2i_R@1": 0.05000000074505806,
  "i2t_R@5": 0.7699999809265137,
  "t2i_R@5": 0.20999999344348907,
  "i2t_R@10": 0.8799999952316284,
  "t2i_R@10": 0.3499999940395355,
  "mean_R@10": 0.614999994635582,
  "avg_train_loss": 0.6872917711734772,
  "tau": 0.05097579210996628
}