{
  "i2t_R@1": 0.36000001430511475,
  "t2i_R@1": 0.10999999940395355,
  "i2t_R@5": 0.7699999809265137,
  "t2i_R@5": 0.4099999964237213,
  "i2t_R@10": 0.8700000047683716,
  "t2i_R@10": 0.5099999904632568,
  "mean_R@10": 0.6899999976158142,
  "avg_train_loss": 0.6786039173603058,
  "tau": 0.05098952725529671
}