{
  "i2t_R@1": 0.10000000149011612,
  "t2i_R@1": 0.009999999776482582,
  "i2t_R@5": 0.25999999046325684,
  "t2i_R@5": 0.05000000074505806,
  "i2t_R@10": 0.3799999952316284,
  "t2i_R@10": 0.1899999976158142,
  "mean_R@10": 0.2849999964237213,
  "avg_train_loss": 0.9606084823608398,
  "tau": 0.05049021542072296
}