{
  "i2t_R@1": 0.12999999523162842,
  "t2i_R@1": 0.05999999865889549,
  "i2t_R@5": 0.5099999904632568,
  "t2i_R@5": 0.17000000178813934,
  "i2t_R@10": 0.8100000023841858,
  "t2i_R@10": 0.25999999046325684,
  "mean_R@10": 0.5349999964237213,
  "avg_train_loss": 0.7024912536144257,
  "tau": 0.05091065168380737
}