{
  "i2t_R@1": 0.30000001192092896,
  "t2i_R@1": 0.05999999865889549,
  "i2t_R@5": 0.7099999785423279,
  "t2i_R@5": 0.17000000178813934,
  "i2t_R@10": 0.8500000238418579,
  "t2i_R@10": 0.27000001072883606,
  "mean_R@10": 0.560000017285347,
  "avg_train_loss": 0.6910220980644226,
  "tau": 0.05096234008669853
}