{
  "i2t_R@1": 0.11999999731779099,
  "t2i_R@1": 0.009999999776482582,
  "i2t_R@5": 0.2800000011920929,
  "t2i_R@5": 0.07999999821186066,
  "i2t_R@10": 0.3799999952316284,
  "t2i_R@10": 0.15000000596046448,
  "mean_R@10": 0.26500000059604645,
  "avg_train_loss": 1.5380779504776,
  "tau": 0.050580576062202454
}