{
  "i2t_R@1": 0.3400000035762787,
  "t2i_R@1": 0.07000000029802322,
  "i2t_R@5": 0.7599999904632568,
  "t2i_R@5": 0.3400000035762787,
  "i2t_R@10": 0.8799999952316284,
  "t2i_R@10": 0.41999998688697815,
  "mean_R@10": 0.6499999910593033,
  "avg_train_loss": 0.6836938560009003,
  "tau": 0.05098389834165573
}