{
  "i2t_R@1": 0.0,
  "t2i_R@1": 0.009999999776482582,
  "i2t_R@5": 0.10000000149011612,
  "t2i_R@5": 0.07000000029802322,
  "i2t_R@10": 0.23000000417232513,
  "t2i_R@10": 0.10000000149011612,
  "mean_R@10": 0.16500000283122063,
  "avg_train_loss": 0.9979179799556732,
  "tau": 0.05039873719215393
}