{
  "i2t_R@1": 0.03999999910593033,
  "t2i_R@1": 0.03999999910593033,
  "i2t_R@5": 0.14000000059604645,
  "t2i_R@5": 0.05000000074505806,
  "i2t_R@10": 0.30000001192092896,
  "t2i_R@10": 0.10999999940395355,
  "mean_R@10": 0.20500000566244125,
  "avg_train_loss": 1.3156090378761292,
  "tau": 0.05030326545238495
}