{
  "i2t_R@1": 0.3499999940395355,
  "t2i_R@1": 0.09000000357627869,
  "i2t_R@5": 0.7599999904632568,
  "t2i_R@5": 0.3799999952316284,
  "i2t_R@10": 0.8799999952316284,
  "t2i_R@10": 0.4399999976158142,
  "mean_R@10": 0.6599999964237213,
  "avg_train_loss": 0.6764897108078003,
  "tau": 0.050987862050533295
}