{
  "i2t_R@1": 0.699999988079071,
  "t2i_R@1": 0.3199999928474426,
  "i2t_R@5": 0.9700000286102295,
  "t2i_R@5": 0.7900000214576721,
  "i2t_R@10": 1.0,
  "t2i_R@10": 0.8700000047683716,
  "mean_R@10": 0.9350000023841858,
  "avg_train_loss": 0.49879685044288635,
  "tau": 0.05061759054660797
}