{
  "i2t_R@1": 0.46000000834465027,
  "t2i_R@1": 0.11999999731779099,
  "i2t_R@5": 0.7900000214576721,
  "t2i_R@5": 0.3199999928474426,
  "i2t_R@10": 0.9100000262260437,
  "t2i_R@10": 0.4300000071525574,
  "mean_R@10": 0.6700000166893005,
  "avg_train_loss": 0.6621911525726318,
  "tau": 0.050609707832336426
}