{
  "i2t_R@1": 0.5799999833106995,
  "t2i_R@1": 0.30000001192092896,
  "i2t_R@5": 0.9300000071525574,
  "t2i_R@5": 0.7200000286102295,
  "i2t_R@10": 0.9800000190734863,
  "t2i_R@10": 0.8600000143051147,
  "mean_R@10": 0.9200000166893005,
  "avg_train_loss": 0.5125059187412262,
  "tau": 0.05064651370048523
}