{
  "i2t_R@1": 0.5400000214576721,
  "t2i_R@1": 0.20999999344348907,
  "i2t_R@5": 0.7900000214576721,
  "t2i_R@5": 0.44999998807907104,
  "i2t_R@10": 0.8600000143051147,
  "t2i_R@10": 0.6200000047683716,
  "mean_R@10": 0.7400000095367432,
  "avg_train_loss": 0.6374874711036682,
  "tau": 0.05067644268274307
}