{
  "i2t_R@1": 0.05000000074505806,
  "t2i_R@1": 0.019999999552965164,
  "i2t_R@5": 0.07999999821186066,
  "t2i_R@5": 0.09000000357627869,
  "i2t_R@10": 0.1599999964237213,
  "t2i_R@10": 0.17000000178813934,
  "mean_R@10": 0.16499999910593033,
  "avg_train_loss": 0.8799486458301544,
  "tau": 0.050209373235702515
}