{
  "i2t_R@1": 0.6000000238418579,
  "t2i_R@1": 0.4300000071525574,
  "i2t_R@5": 0.9100000262260437,
  "t2i_R@5": 0.75,
  "i2t_R@10": 0.949999988079071,
  "t2i_R@10": 0.8399999737739563,
  "mean_R@10": 0.8949999809265137,
  "avg_train_loss": 0.5690869688987732,
  "tau": 0.050674907863140106
}