{
  "i2t_R@1": 0.11999999731779099,
  "t2i_R@1": 0.029999999329447746,
  "i2t_R@5": 0.3700000047683716,
  "t2i_R@5": 0.1599999964237213,
  "i2t_R@10": 0.5600000023841858,
  "t2i_R@10": 0.23999999463558197,
  "mean_R@10": 0.3999999985098839,
  "avg_train_loss": 0.7287429869174957,
  "tau": 0.05050385370850563
}