{
  "i2t_R@1": 0.8700000047683716,
  "t2i_R@1": 0.7799999713897705,
  "i2t_R@5": 1.0,
  "t2i_R@5": 0.9800000190734863,
  "i2t_R@10": 1.0,
  "t2i_R@10": 1.0,
  "mean_R@10": 1.0,
  "avg_train_loss": 0.40059909224510193,
  "tau": 0.050752993673086166
}