{
  "i2t_R@1": 0.09000000357627869,
  "t2i_R@1": 0.019999999552965164,
  "i2t_R@5": 0.2199999988079071,
  "t2i_R@5": 0.07999999821186066,
  "i2t_R@10": 0.3400000035762787,
  "t2i_R@10": 0.14000000059604645,
  "mean_R@10": 0.24000000208616257,
  "avg_train_loss": 0.7900831401348114,
  "tau": 0.05036378279328346
}