{
  "i2t_R@1": 0.6800000071525574,
  "t2i_R@1": 0.5600000023841858,
  "i2t_R@5": 0.9700000286102295,
  "t2i_R@5": 0.8600000143051147,
  "i2t_R@10": 1.0,
  "t2i_R@10": 0.9399999976158142,
  "mean_R@10": 0.9699999988079071,
  "avg_train_loss": 0.494527667760849,
  "tau": 0.05060770735144615
}