{
  "i2t_R@1": 0.8899999856948853,
  "t2i_R@1": 0.7300000190734863,
  "i2t_R@5": 1.0,
  "t2i_R@5": 0.9399999976158142,
  "i2t_R@10": 1.0,
  "t2i_R@10": 1.0,
  "mean_R@10": 1.0,
  "avg_train_loss": 0.3994208425283432,
  "tau": 0.05073421820998192
}