{
  "i2t_R@1": 0.6899999976158142,
  "t2i_R@1": 0.6000000238418579,
  "i2t_R@5": 0.949999988079071,
  "t2i_R@5": 0.8500000238418579,
  "i2t_R@10": 1.0,
  "t2i_R@10": 0.949999988079071,
  "mean_R@10": 0.9749999940395355,
  "avg_train_loss": 0.47526995837688446,
  "tau": 0.050618771463632584
}