{
  "i2t_R@1": 0.6399999856948853,
  "t2i_R@1": 0.41999998688697815,
  "i2t_R@5": 0.9800000190734863,
  "t2i_R@5": 0.8299999833106995,
  "i2t_R@10": 1.0,
  "t2i_R@10": 0.9300000071525574,
  "mean_R@10": 0.9650000035762787,
  "avg_train_loss": 0.5230216681957245,
  "tau": 0.050605788826942444
}