{
  "i2t_R@1": 0.7599999904632568,
  "t2i_R@1": 0.6499999761581421,
  "i2t_R@5": 1.0,
  "t2i_R@5": 0.9399999976158142,
  "i2t_R@10": 1.0,
  "t2i_R@10": 1.0,
  "mean_R@10": 1.0,
  "avg_train_loss": 0.44774389266967773,
  "tau": 0.050685204565525055
}