{
  "i2t_R@1": 0.7599999904632568,
  "t2i_R@1": 0.6499999761581421,
  "i2t_R@5": 0.9800000190734863,
  "t2i_R@5": 0.9300000071525574,
  "i2t_R@10": 1.0,
  "t2i_R@10": 0.9700000286102295,
  "mean_R@10": 0.9850000143051147,
  "avg_train_loss": 0.44452279806137085,
  "tau": 0.050661198794841766
}