{
  "i2t_R@1": 0.9300000071525574,
  "t2i_R@1": 0.8500000238418579,
  "i2t_R@5": 1.0,
  "t2i_R@5": 0.9900000095367432,
  "i2t_R@10": 1.0,
  "t2i_R@10": 1.0,
  "mean_R@10": 1.0,
  "avg_train_loss": 0.38695763051509857,
  "tau": 0.05077311024069786
}