{
  "i2t_R@1": 0.4300000071525574,
  "t2i_R@1": 0.10999999940395355,
  "i2t_R@5": 0.7599999904632568,
  "t2i_R@5": 0.4099999964237213,
  "i2t_R@10": 0.8799999952316284,
  "t2i_R@10": 0.5799999833106995,
  "mean_R@10": 0.7299999892711639,
  "avg_train_loss": 0.6640177369117737,
  "tau": 0.05064713954925537
}