{
  "i2t_R@1": 0.11999999731779099,
  "t2i_R@1": 0.029999999329447746,
  "i2t_R@5": 0.3400000035762787,
  "t2i_R@5": 0.10000000149011612,
  "i2t_R@10": 0.5,
  "t2i_R@10": 0.20000000298023224,
  "mean_R@10": 0.3500000014901161,
  "avg_train_loss": 0.7406529784202576,
  "tau": 0.05043679475784302
}