{
  "i2t_R@1": 0.019999999552965164,
  "t2i_R@1": 0.009999999776482582,
  "i2t_R@5": 0.03999999910593033,
  "t2i_R@5": 0.05000000074505806,
  "i2t_R@10": 0.09000000357627869,
  "t2i_R@10": 0.10999999940395355,
  "mean_R@10": 0.10000000149011612,
  "avg_train_loss": 0.8986970782279968,
  "tau": 0.050009094178676605
}