{
  "i2t_R@1": 0.8100000023841858,
  "t2i_R@1": 0.7400000095367432,
  "i2t_R@5": 1.0,
  "t2i_R@5": 0.9599999785423279,
  "i2t_R@10": 1.0,
  "t2i_R@10": 1.0,
  "mean_R@10": 1.0,
  "avg_train_loss": 0.41990557312965393,
  "tau": 0.050711289048194885
}