{
  "i2t_R@1": 0.4099999964237213,
  "t2i_R@1": 0.2800000011920929,
  "i2t_R@5": 0.7300000190734863,
  "t2i_R@5": 0.6299999952316284,
  "i2t_R@10": 0.800000011920929,
  "t2i_R@10": 0.75,
  "mean_R@10": 0.7750000059604645,
  "avg_train_loss": 0.6340267360210419,
  "tau": 0.050668396055698395
}