{
  "i2t_R@1": 0.9100000262260437,
  "t2i_R@1": 0.8799999952316284,
  "i2t_R@5": 1.0,
  "t2i_R@5": 1.0,
  "i2t_R@10": 1.0,
  "t2i_R@10": 1.0,
  "mean_R@10": 1.0,
  "avg_train_loss": 0.39553309977054596,
  "tau": 0.050766970962285995
}