{
  "i2t_R@1": 0.019999999552965164,
  "t2i_R@1": 0.029999999329447746,
  "i2t_R@5": 0.10000000149011612,
  "t2i_R@5": 0.05999999865889549,
  "i2t_R@10": 0.1599999964237213,
  "t2i_R@10": 0.12999999523162842,
  "mean_R@10": 0.14499999582767487,
  "avg_train_loss": 1.231952041387558,
  "tau": 0.050128478556871414
}