{
  "i2t_R@1": 0.7300000190734863,
  "t2i_R@1": 0.6600000262260437,
  "i2t_R@5": 0.9700000286102295,
  "t2i_R@5": 0.9200000166893005,
  "i2t_R@10": 1.0,
  "t2i_R@10": 0.9700000286102295,
  "mean_R@10": 0.9850000143051147,
  "avg_train_loss": 0.46357858180999756,
  "tau": 0.05064054951071739
}