{
  "i2t_R@1": 0.3499999940395355,
  "t2i_R@1": 0.05999999865889549,
  "i2t_R@5": 0.6700000166893005,
  "t2i_R@5": 0.23999999463558197,
  "i2t_R@10": 0.800000011920929,
  "t2i_R@10": 0.4099999964237213,
  "mean_R@10": 0.6050000041723251,
  "avg_train_loss": 0.7073104679584503,
  "tau": 0.050564780831336975
}