{
  "i2t_R@1": 0.15000000596046448,
  "t2i_R@1": 0.019999999552965164,
  "i2t_R@5": 0.3400000035762787,
  "t2i_R@5": 0.09000000357627869,
  "i2t_R@10": 0.44999998807907104,
  "t2i_R@10": 0.15000000596046448,
  "mean_R@10": 0.29999999701976776,
  "avg_train_loss": 0.8192980885505676,
  "tau": 0.05028742551803589
}