{
  "i2t_recall@1": 0.5111405902780711,
  "t2i_recall@1": 0.3452526805857154,
  "i2t_recall@5": 0.7631283216871847,
  "t2i_recall@5": 0.3452526805857154,
  "i2t_recall@10": 0.843533218984208,
  "t2i_recall@10": 0.45275494081165346,
  "i2t_recall@50": 0.9570261341264543,
  "t2i_recall@50": 0.6930232951136872,
  "mean_recall": 0.6138889827715862,
  "i2t_median_rank": 1.0,
  "t2i_median_rank": 11.0,
  "unique_images": 23657,
  "total_samples": 118351,
  "avg_captions_per_image": 5.002789871919516
}