{
  "i2t_R@1": 0.009999999776482582,
  "t2i_R@1": 0.019999999552965164,
  "i2t_R@5": 0.05999999865889549,
  "t2i_R@5": 0.07000000029802322,
  "i2t_R@10": 0.10000000149011612,
  "t2i_R@10": 0.10000000149011612,
  "mean_R@10": 0.10000000149011612,
  "avg_train_loss": 2.3295814990997314,
  "tau": 0.050030872225761414
}