{
  "i2t_R@1": 0.09000000357627869,
  "t2i_R@1": 0.019999999552965164,
  "i2t_R@5": 0.23999999463558197,
  "t2i_R@5": 0.12999999523162842,
  "i2t_R@10": 0.3700000047683716,
  "t2i_R@10": 0.2199999988079071,
  "mean_R@10": 0.29500000178813934,
  "avg_train_loss": 1.3875185251235962,
  "tau": 0.05136178433895111
}