{
  "i2t_R@1": 0.029999999329447746,
  "t2i_R@1": 0.009999999776482582,
  "i2t_R@5": 0.10000000149011612,
  "t2i_R@5": 0.07999999821186066,
  "i2t_R@10": 0.15000000596046448,
  "t2i_R@10": 0.10999999940395355,
  "mean_R@10": 0.13000000268220901,
  "avg_train_loss": 1.8919267058372498,
  "tau": 0.05057511478662491
}