{
  "i2t_R@1": 0.15000000596046448,
  "t2i_R@1": 0.05999999865889549,
  "i2t_R@5": 0.4300000071525574,
  "t2i_R@5": 0.3400000035762787,
  "i2t_R@10": 0.5799999833106995,
  "t2i_R@10": 0.5400000214576721,
  "mean_R@10": 0.5600000023841858,
  "avg_train_loss": 1.110649824142456,
  "tau": 0.05140094831585884
}