{
  "i2t_R@1": 0.009999999776482582,
  "t2i_R@1": 0.009999999776482582,
  "i2t_R@5": 0.09000000357627869,
  "t2i_R@5": 0.07999999821186066,
  "i2t_R@10": 0.15000000596046448,
  "t2i_R@10": 0.11999999731779099,
  "mean_R@10": 0.13500000163912773,
  "avg_train_loss": 2.3916513919830322,
  "tau": 0.05037528648972511
}