{
  "i2t_R@1": 0.11999999731779099,
  "t2i_R@1": 0.05000000074505806,
  "i2t_R@5": 0.4099999964237213,
  "t2i_R@5": 0.3499999940395355,
  "i2t_R@10": 0.5799999833106995,
  "t2i_R@10": 0.5199999809265137,
  "mean_R@10": 0.5499999821186066,
  "avg_train_loss": 1.1578121781349182,
  "tau": 0.05141677334904671
}