{
  "i2t_R@1": 0.12999999523162842,
  "t2i_R@1": 0.07000000029802322,
  "i2t_R@5": 0.4099999964237213,
  "t2i_R@5": 0.3100000023841858,
  "i2t_R@10": 0.5799999833106995,
  "t2i_R@10": 0.5199999809265137,
  "mean_R@10": 0.5499999821186066,
  "avg_train_loss": 1.1308825016021729,
  "tau": 0.05140672251582146
}