{
  "i2t_R@1": 0.05999999865889549,
  "t2i_R@1": 0.019999999552965164,
  "i2t_R@5": 0.28999999165534973,
  "t2i_R@5": 0.10999999940395355,
  "i2t_R@10": 0.41999998688697815,
  "t2i_R@10": 0.1599999964237213,
  "mean_R@10": 0.28999999165534973,
  "avg_train_loss": 1.3840286135673523,
  "tau": 0.05119127780199051
}