{
  "i2t_R@1": 0.009999999776482582,
  "t2i_R@1": 0.009999999776482582,
  "i2t_R@5": 0.05999999865889549,
  "t2i_R@5": 0.05999999865889549,
  "i2t_R@10": 0.11999999731779099,
  "t2i_R@10": 0.12999999523162842,
  "mean_R@10": 0.1249999962747097,
  "avg_train_loss": 8.550849914550781,
  "tau": 0.050166428089141846
}