{
  "i2t_R@1": 0.019999999552965164,
  "t2i_R@1": 0.019999999552965164,
  "i2t_R@5": 0.18000000715255737,
  "t2i_R@5": 0.11999999731779099,
  "i2t_R@10": 0.25999999046325684,
  "t2i_R@10": 0.14000000059604645,
  "mean_R@10": 0.19999999552965164,
  "avg_train_loss": 1.4570205211639404,
  "tau": 0.05092565715312958
}