{
  "i2t_R@1": 0.14000000059604645,
  "t2i_R@1": 0.07000000029802322,
  "i2t_R@5": 0.4000000059604645,
  "t2i_R@5": 0.25,
  "i2t_R@10": 0.5400000214576721,
  "t2i_R@10": 0.3499999940395355,
  "mean_R@10": 0.4450000077486038,
  "avg_train_loss": 1.221113681793213,
  "tau": 0.05144915729761124
}