{
  "i2t_R@1": 0.11999999731779099,
  "t2i_R@1": 0.03999999910593033,
  "i2t_R@5": 0.3700000047683716,
  "t2i_R@5": 0.14000000059604645,
  "i2t_R@10": 0.5199999809265137,
  "t2i_R@10": 0.25,
  "mean_R@10": 0.38499999046325684,
  "avg_train_loss": 1.2787058353424072,
  "tau": 0.051461365073919296
}