{
  "i2t_R@1": 0.009999999776482582,
  "t2i_R@1": 0.019999999552965164,
  "i2t_R@5": 0.09000000357627869,
  "t2i_R@5": 0.09000000357627869,
  "i2t_R@10": 0.2199999988079071,
  "t2i_R@10": 0.1599999964237213,
  "mean_R@10": 0.1899999976158142,
  "avg_train_loss": 1.6494581699371338,
  "tau": 0.050760120153427124
}