{
  "i2t_R@1": 0.09000000357627869,
  "t2i_R@1": 0.019999999552965164,
  "i2t_R@5": 0.25999999046325684,
  "t2i_R@5": 0.1599999964237213,
  "i2t_R@10": 0.4099999964237213,
  "t2i_R@10": 0.23000000417232513,
  "mean_R@10": 0.3200000002980232,
  "avg_train_loss": 1.3313164114952087,
  "tau": 0.051425833255052567
}