{
  "i2t_R@1": 0.15000000596046448,
  "t2i_R@1": 0.05999999865889549,
  "i2t_R@5": 0.4300000071525574,
  "t2i_R@5": 0.38999998569488525,
  "i2t_R@10": 0.5899999737739563,
  "t2i_R@10": 0.5400000214576721,
  "mean_R@10": 0.5649999976158142,
  "avg_train_loss": 1.0862985849380493,
  "tau": 0.051398780196905136
}