{
  "i2t_R@1": 0.12999999523162842,
  "t2i_R@1": 0.05000000074505806,
  "i2t_R@5": 0.38999998569488525,
  "t2i_R@5": 0.23999999463558197,
  "i2t_R@10": 0.550000011920929,
  "t2i_R@10": 0.27000001072883606,
  "mean_R@10": 0.4100000113248825,
  "avg_train_loss": 1.2398624420166016,
  "tau": 0.05146405100822449
}