{
  "i2t_R@1": 0.1599999964237213,
  "t2i_R@1": 0.09000000357627869,
  "i2t_R@5": 0.3700000047683716,
  "t2i_R@5": 0.3400000035762787,
  "i2t_R@10": 0.5799999833106995,
  "t2i_R@10": 0.5,
  "mean_R@10": 0.5399999916553497,
  "avg_train_loss": 1.1809260845184326,
  "tau": 0.05143125355243683
}