{
  "i2t_R@1": 0.11999999731779099,
  "t2i_R@1": 0.05000000074505806,
  "i2t_R@5": 0.4300000071525574,
  "t2i_R@5": 0.18000000715255737,
  "i2t_R@10": 0.5600000023841858,
  "t2i_R@10": 0.23999999463558197,
  "mean_R@10": 0.3999999985098839,
  "avg_train_loss": 1.252179205417633,
  "tau": 0.05147135257720947
}