{
  "i2t_R@1": 0.029999999329447746,
  "t2i_R@1": 0.019999999552965164,
  "i2t_R@5": 0.20999999344348907,
  "t2i_R@5": 0.10000000149011612,
  "i2t_R@10": 0.3499999940395355,
  "t2i_R@10": 0.20999999344348907,
  "mean_R@10": 0.2799999937415123,
  "avg_train_loss": 1.4089372158050537,
  "tau": 0.051069531589746475
}