{
  "i2t_R@1": 0.15000000596046448,
  "t2i_R@1": 0.05999999865889549,
  "i2t_R@5": 0.4300000071525574,
  "t2i_R@5": 0.38999998569488525,
  "i2t_R@10": 0.5899999737739563,
  "t2i_R@10": 0.5400000214576721,
  "mean_R@10": 0.5649999976158142,
  "avg_train_loss": 1.0862985849380493,
  "tau": 0.051398780196905136,
  "duration_sec": 2.0553460121154785,
  "params": {
    "lr": 0.002402593918053993,
    "dropout": 0.2,
    "hidden_mult": 1.0,
    "proj_dim": 512,
    "label_smoothing": 0.0,
    "warmup_frac": 0.05,
    "use_pos_weight_balancing": true
  },
  "run_name": "trial_018",
  "score": 0.4563701391220093
}