{
  "i2t_R@1": 0.6100000143051147,
  "t2i_R@1": 0.5,
  "i2t_R@5": 0.8899999856948853,
  "t2i_R@5": 0.8799999952316284,
  "i2t_R@10": 0.9900000095367432,
  "t2i_R@10": 0.9399999976158142,
  "mean_R@10": 0.9650000035762787,
  "avg_train_loss": 0.6379847526550293,
  "tau": 0.050462786108255386
}