{
  "i2t_R@1": 0.46000000834465027,
  "t2i_R@1": 0.18000000715255737,
  "i2t_R@5": 0.8399999737739563,
  "t2i_R@5": 0.7200000286102295,
  "i2t_R@10": 0.949999988079071,
  "t2i_R@10": 0.7900000214576721,
  "mean_R@10": 0.8700000047683716,
  "avg_train_loss": 0.6783987283706665,
  "tau": 0.05040738731622696
}