{
  "i2t_R@1": 0.12999999523162842,
  "t2i_R@1": 0.019999999552965164,
  "i2t_R@5": 0.4399999976158142,
  "t2i_R@5": 0.25,
  "i2t_R@10": 0.5600000023841858,
  "t2i_R@10": 0.5299999713897705,
  "mean_R@10": 0.5449999868869781,
  "avg_train_loss": 0.742972731590271,
  "tau": 0.05031341314315796
}