{
  "i2t_R@1": 0.09000000357627869,
  "t2i_R@1": 0.4300000071525574,
  "i2t_R@5": 0.5600000023841858,
  "t2i_R@5": 0.7599999904632568,
  "i2t_R@10": 0.9300000071525574,
  "t2i_R@10": 0.8600000143051147,
  "mean_R@10": 0.8950000107288361,
  "avg_train_loss": 0.6749323606491089,
  "tau": 0.05042344704270363
}