{
  "i2t_R@1": 0.0,
  "t2i_R@1": 0.05000000074505806,
  "i2t_R@5": 0.20999999344348907,
  "t2i_R@5": 0.25,
  "i2t_R@10": 0.5299999713897705,
  "t2i_R@10": 0.5099999904632568,
  "mean_R@10": 0.5199999809265137,
  "avg_train_loss": 0.7201375961303711,
  "tau": 0.050341200083494186
}