{
  "i2t_R@1": 0.029999999329447746,
  "t2i_R@1": 0.019999999552965164,
  "i2t_R@5": 0.12999999523162842,
  "t2i_R@5": 0.07999999821186066,
  "i2t_R@10": 0.25999999046325684,
  "t2i_R@10": 0.1599999964237213,
  "mean_R@10": 0.20999999344348907,
  "avg_train_loss": 2.3235626220703125,
  "tau": 0.05013030767440796
}