{
  "i2t_R@1": 0.6200000047683716,
  "t2i_R@1": 0.5199999809265137,
  "i2t_R@5": 0.8999999761581421,
  "t2i_R@5": 0.8700000047683716,
  "i2t_R@10": 0.9800000190734863,
  "t2i_R@10": 0.9399999976158142,
  "mean_R@10": 0.9600000083446503,
  "avg_train_loss": 0.6381003856658936,
  "tau": 0.05046376213431358
}