{
  "i2t_R@1": 0.6100000143051147,
  "t2i_R@1": 0.5699999928474426,
  "i2t_R@5": 0.9200000166893005,
  "t2i_R@5": 0.8500000238418579,
  "i2t_R@10": 0.9800000190734863,
  "t2i_R@10": 0.949999988079071,
  "mean_R@10": 0.9650000035762787,
  "avg_train_loss": 0.5892298817634583,
  "tau": 0.05045951530337334
}