{
  "i2t_R@1": 0.6499999761581421,
  "t2i_R@1": 0.5199999809265137,
  "i2t_R@5": 0.9300000071525574,
  "t2i_R@5": 0.8600000143051147,
  "i2t_R@10": 0.9800000190734863,
  "t2i_R@10": 0.9599999785423279,
  "mean_R@10": 0.9699999988079071,
  "avg_train_loss": 0.6510986089706421,
  "tau": 0.05045945569872856
}