{
  "i2t_R@1": 0.28999999165534973,
  "t2i_R@1": 0.4699999988079071,
  "i2t_R@5": 0.7599999904632568,
  "t2i_R@5": 0.8399999737739563,
  "i2t_R@10": 0.949999988079071,
  "t2i_R@10": 0.9300000071525574,
  "mean_R@10": 0.9399999976158142,
  "avg_train_loss": 0.6594314575195312,
  "tau": 0.05043633654713631
}