{
  "i2t_R@1": 0.6200000047683716,
  "t2i_R@1": 0.5600000023841858,
  "i2t_R@5": 0.9100000262260437,
  "t2i_R@5": 0.8500000238418579,
  "i2t_R@10": 0.9800000190734863,
  "t2i_R@10": 0.949999988079071,
  "mean_R@10": 0.9650000035762787,
  "avg_train_loss": 0.5945181846618652,
  "tau": 0.050460346043109894
}