{
  "i2t_R@1": 0.009999999776482582,
  "t2i_R@1": 0.019999999552965164,
  "i2t_R@5": 0.05000000074505806,
  "t2i_R@5": 0.07999999821186066,
  "i2t_R@10": 0.10999999940395355,
  "t2i_R@10": 0.14000000059604645,
  "mean_R@10": 0.125,
  "avg_train_loss": 3.005794048309326,
  "tau": 0.050042930990457535
}