{
  "i2t_R@1": 0.6200000047683716,
  "t2i_R@1": 0.5400000214576721,
  "i2t_R@5": 0.9599999785423279,
  "t2i_R@5": 0.8600000143051147,
  "i2t_R@10": 0.9800000190734863,
  "t2i_R@10": 0.9599999785423279,
  "mean_R@10": 0.9699999988079071,
  "avg_train_loss": 0.6560200452804565,
  "tau": 0.05045352503657341
}