{
  "i2t_R@1": 0.6100000143051147,
  "t2i_R@1": 0.5199999809265137,
  "i2t_R@5": 0.9300000071525574,
  "t2i_R@5": 0.8399999737739563,
  "i2t_R@10": 0.9900000095367432,
  "t2i_R@10": 0.9300000071525574,
  "mean_R@10": 0.9600000083446503,
  "avg_train_loss": 0.6488478183746338,
  "tau": 0.05044589936733246
}