{
  "i2t_R@1": 0.009999999776482582,
  "t2i_R@1": 0.009999999776482582,
  "i2t_R@5": 0.05999999865889549,
  "t2i_R@5": 0.05000000074505806,
  "i2t_R@10": 0.10000000149011612,
  "t2i_R@10": 0.10999999940395355,
  "mean_R@10": 0.10500000044703484,
  "avg_train_loss": 0.7318481206893921,
  "tau": 0.04999999701976776
}