{
  "i2t_R@1": 0.029999999329447746,
  "t2i_R@1": 0.07000000029802322,
  "i2t_R@5": 0.25999999046325684,
  "t2i_R@5": 0.15000000596046448,
  "i2t_R@10": 0.41999998688697815,
  "t2i_R@10": 0.23000000417232513,
  "mean_R@10": 0.32499999552965164,
  "avg_train_loss": 0.9310327172279358,
  "tau": 0.050211552530527115
}