{
  "i2t_R@1": 0.029999999329447746,
  "t2i_R@1": 0.05999999865889549,
  "i2t_R@5": 0.33000001311302185,
  "t2i_R@5": 0.18000000715255737,
  "i2t_R@10": 0.5099999904632568,
  "t2i_R@10": 0.3100000023841858,
  "mean_R@10": 0.4099999964237213,
  "avg_train_loss": 0.8519986867904663,
  "tau": 0.05024837702512741
}