{
  "i2t_R@1": 0.6399999856948853,
  "t2i_R@1": 0.550000011920929,
  "i2t_R@5": 0.9300000071525574,
  "t2i_R@5": 0.8600000143051147,
  "i2t_R@10": 0.9800000190734863,
  "t2i_R@10": 0.9399999976158142,
  "mean_R@10": 0.9600000083446503,
  "avg_train_loss": 0.6149885058403015,
  "tau": 0.050464145839214325
}