{
  "i2t_R@1": 0.6200000047683716,
  "t2i_R@1": 0.5199999809265137,
  "i2t_R@5": 0.8799999952316284,
  "t2i_R@5": 0.8899999856948853,
  "i2t_R@10": 0.9900000095367432,
  "t2i_R@10": 0.949999988079071,
  "mean_R@10": 0.9699999988079071,
  "avg_train_loss": 0.6239365339279175,
  "tau": 0.05046142637729645
}