{
  "i2t_R@1": 0.6299999952316284,
  "t2i_R@1": 0.550000011920929,
  "i2t_R@5": 0.9200000166893005,
  "t2i_R@5": 0.8500000238418579,
  "i2t_R@10": 0.9800000190734863,
  "t2i_R@10": 0.9399999976158142,
  "mean_R@10": 0.9600000083446503,
  "avg_train_loss": 0.5921562314033508,
  "tau": 0.050462834537029266
}