{
  "i2t_R@1": 0.6000000238418579,
  "t2i_R@1": 0.5400000214576721,
  "i2t_R@5": 0.9200000166893005,
  "t2i_R@5": 0.8500000238418579,
  "i2t_R@10": 0.9800000190734863,
  "t2i_R@10": 0.9399999976158142,
  "mean_R@10": 0.9600000083446503,
  "avg_train_loss": 0.5931627750396729,
  "tau": 0.05046146363019943
}