{
  "i2t_R@1": 0.029999999329447746,
  "t2i_R@1": 0.03999999910593033,
  "i2t_R@5": 0.14000000059604645,
  "t2i_R@5": 0.10999999940395355,
  "i2t_R@10": 0.28999999165534973,
  "t2i_R@10": 0.14000000059604645,
  "mean_R@10": 0.2149999961256981,
  "avg_train_loss": 3.98691463470459,
  "tau": 0.050085652619600296
}