{
  "i2t_R@1": 0.019999999552965164,
  "t2i_R@1": 0.05999999865889549,
  "i2t_R@5": 0.27000001072883606,
  "t2i_R@5": 0.3400000035762787,
  "i2t_R@10": 0.6100000143051147,
  "t2i_R@10": 0.5799999833106995,
  "mean_R@10": 0.5949999988079071,
  "avg_train_loss": 0.7249009609222412,
  "tau": 0.050366196781396866
}