{
  "i2t_R@1": 0.3499999940395355,
  "t2i_R@1": 0.07999999821186066,
  "i2t_R@5": 0.7599999904632568,
  "t2i_R@5": 0.5199999809265137,
  "i2t_R@10": 0.8600000143051147,
  "t2i_R@10": 0.7200000286102295,
  "mean_R@10": 0.7900000214576721,
  "avg_train_loss": 0.7090461850166321,
  "tau": 0.050388403236866
}