{
  "i2t_R@1": 0.5899999737739563,
  "t2i_R@1": 0.550000011920929,
  "i2t_R@5": 0.9200000166893005,
  "t2i_R@5": 0.8600000143051147,
  "i2t_R@10": 0.9800000190734863,
  "t2i_R@10": 0.9300000071525574,
  "mean_R@10": 0.9550000131130219,
  "avg_train_loss": 0.5764942169189453,
  "tau": 0.05045846849679947
}