{
  "i2t_R@1": 0.07999999821186066,
  "t2i_R@1": 0.029999999329447746,
  "i2t_R@5": 0.3799999952316284,
  "t2i_R@5": 0.1899999976158142,
  "i2t_R@10": 0.5600000023841858,
  "t2i_R@10": 0.3799999952316284,
  "mean_R@10": 0.4699999988079071,
  "avg_train_loss": 0.8053833246231079,
  "tau": 0.050282448530197144
}