{
  "i2t_R@1": 0.05000000074505806,
  "t2i_R@1": 0.019999999552965164,
  "i2t_R@5": 0.20000000298023224,
  "t2i_R@5": 0.11999999731779099,
  "i2t_R@10": 0.3199999928474426,
  "t2i_R@10": 0.20000000298023224,
  "mean_R@10": 0.25999999791383743,
  "avg_train_loss": 0.915981650352478,
  "tau": 0.050172075629234314
}