{
  "i2t_R@1": 0.6000000238418579,
  "t2i_R@1": 0.5699999928474426,
  "i2t_R@5": 0.9200000166893005,
  "t2i_R@5": 0.8600000143051147,
  "i2t_R@10": 0.9800000190734863,
  "t2i_R@10": 0.9300000071525574,
  "mean_R@10": 0.9550000131130219,
  "avg_train_loss": 0.5817910432815552,
  "tau": 0.05045890063047409
}