{
  "i2t_R@1": 0.019999999552965164,
  "t2i_R@1": 0.029999999329447746,
  "i2t_R@5": 0.05999999865889549,
  "t2i_R@5": 0.05000000074505806,
  "i2t_R@10": 0.10999999940395355,
  "t2i_R@10": 0.10000000149011612,
  "mean_R@10": 0.10500000044703484,
  "avg_train_loss": 0.7340893745422363,
  "tau": 0.05001717805862427
}