{
  "i2t_R@1": 0.019999999552965164,
  "t2i_R@1": 0.009999999776482582,
  "i2t_R@5": 0.14000000059604645,
  "t2i_R@5": 0.11999999731779099,
  "i2t_R@10": 0.25999999046325684,
  "t2i_R@10": 0.17000000178813934,
  "mean_R@10": 0.2149999961256981,
  "avg_train_loss": 1.13410285115242,
  "tau": 0.05023014545440674
}