{
  "i2t_R@1": 0.6700000166893005,
  "t2i_R@1": 0.7200000286102295,
  "i2t_R@5": 0.9700000286102295,
  "t2i_R@5": 0.9900000095367432,
  "i2t_R@10": 0.9900000095367432,
  "t2i_R@10": 1.0,
  "mean_R@10": 0.9950000047683716,
  "avg_train_loss": 0.14866912364959717,
  "tau": 0.050543978810310364
}