{
  "i2t_R@1": 0.3499999940395355,
  "t2i_R@1": 0.38999998569488525,
  "i2t_R@5": 0.8100000023841858,
  "t2i_R@5": 0.7599999904632568,
  "i2t_R@10": 0.9399999976158142,
  "t2i_R@10": 0.8999999761581421,
  "mean_R@10": 0.9199999868869781,
  "avg_train_loss": 0.42594560980796814,
  "tau": 0.05066223815083504
}