{
  "i2t_R@1": 0.4399999976158142,
  "t2i_R@1": 0.2800000011920929,
  "i2t_R@5": 0.8700000047683716,
  "t2i_R@5": 0.6399999856948853,
  "i2t_R@10": 0.9300000071525574,
  "t2i_R@10": 0.8100000023841858,
  "mean_R@10": 0.8700000047683716,
  "avg_train_loss": 0.6210399866104126,
  "tau": 0.05070774629712105
}