{
  "i2t_R@1": 0.25,
  "t2i_R@1": 0.009999999776482582,
  "i2t_R@5": 0.4099999964237213,
  "t2i_R@5": 0.14000000059604645,
  "i2t_R@10": 0.5600000023841858,
  "t2i_R@10": 0.23999999463558197,
  "mean_R@10": 0.3999999985098839,
  "avg_train_loss": 0.9072332978248596,
  "tau": 0.050379104912281036
}