{
  "i2t_R@1": 0.6499999761581421,
  "t2i_R@1": 0.6700000166893005,
  "i2t_R@5": 0.9700000286102295,
  "t2i_R@5": 0.9800000190734863,
  "i2t_R@10": 0.9900000095367432,
  "t2i_R@10": 1.0,
  "mean_R@10": 0.9950000047683716,
  "avg_train_loss": 0.16156882047653198,
  "tau": 0.05055459588766098
}