{
  "i2t_R@1": 0.029999999329447746,
  "t2i_R@1": 0.009999999776482582,
  "i2t_R@5": 0.09000000357627869,
  "t2i_R@5": 0.07999999821186066,
  "i2t_R@10": 0.15000000596046448,
  "t2i_R@10": 0.15000000596046448,
  "mean_R@10": 0.15000000596046448,
  "avg_train_loss": 1.10453462600708,
  "tau": 0.05007724463939667
}