{
  "i2t_R@1": 0.41999998688697815,
  "t2i_R@1": 0.1899999976158142,
  "i2t_R@5": 0.800000011920929,
  "t2i_R@5": 0.4699999988079071,
  "i2t_R@10": 0.9399999976158142,
  "t2i_R@10": 0.5799999833106995,
  "mean_R@10": 0.7599999904632568,
  "avg_train_loss": 0.6597468554973602,
  "tau": 0.05068063735961914
}