{
  "i2t_R@1": 0.46000000834465027,
  "t2i_R@1": 0.25,
  "i2t_R@5": 0.8899999856948853,
  "t2i_R@5": 0.5600000023841858,
  "i2t_R@10": 0.9399999976158142,
  "t2i_R@10": 0.7599999904632568,
  "mean_R@10": 0.8499999940395355,
  "avg_train_loss": 0.6538243293762207,
  "tau": 0.05069771409034729
}