{
  "i2t_R@1": 0.4399999976158142,
  "t2i_R@1": 0.47999998927116394,
  "i2t_R@5": 0.8899999856948853,
  "t2i_R@5": 0.8399999737739563,
  "i2t_R@10": 0.9900000095367432,
  "t2i_R@10": 0.949999988079071,
  "mean_R@10": 0.9699999988079071,
  "avg_train_loss": 0.2923981696367264,
  "tau": 0.05061708390712738
}