{
  "i2t_R@1": 0.5099999904632568,
  "t2i_R@1": 0.5299999713897705,
  "i2t_R@5": 0.9100000262260437,
  "t2i_R@5": 0.8500000238418579,
  "i2t_R@10": 0.9900000095367432,
  "t2i_R@10": 0.9599999785423279,
  "mean_R@10": 0.9749999940395355,
  "avg_train_loss": 0.2421642392873764,
  "tau": 0.05060394108295441
}