{
  "i2t_R@1": 0.0,
  "t2i_R@1": 0.009999999776482582,
  "i2t_R@5": 0.18000000715255737,
  "t2i_R@5": 0.09000000357627869,
  "i2t_R@10": 0.3400000035762787,
  "t2i_R@10": 0.17000000178813934,
  "mean_R@10": 0.255000002682209,
  "avg_train_loss": 1.4638909101486206,
  "tau": 0.050280556082725525
}