{
  "i2t_R@1": 0.28999999165534973,
  "t2i_R@1": 0.009999999776482582,
  "i2t_R@5": 0.5199999809265137,
  "t2i_R@5": 0.23999999463558197,
  "i2t_R@10": 0.6200000047683716,
  "t2i_R@10": 0.3400000035762787,
  "mean_R@10": 0.48000000417232513,
  "avg_train_loss": 1.1176958978176117,
  "tau": 0.05047698691487312
}