{
  "i2t_R@1": 0.23000000417232513,
  "t2i_R@1": 0.10000000149011612,
  "i2t_R@5": 0.5299999713897705,
  "t2i_R@5": 0.25,
  "i2t_R@10": 0.7400000095367432,
  "t2i_R@10": 0.30000001192092896,
  "mean_R@10": 0.5200000107288361,
  "avg_train_loss": 1.005174607038498,
  "tau": 0.05055692419409752
}