{
  "i2t_R@1": 0.09000000357627869,
  "t2i_R@1": 0.10000000149011612,
  "i2t_R@5": 0.44999998807907104,
  "t2i_R@5": 0.3199999928474426,
  "i2t_R@10": 0.6700000166893005,
  "t2i_R@10": 0.4300000071525574,
  "mean_R@10": 0.550000011920929,
  "avg_train_loss": 0.749829888343811,
  "tau": 0.050517208874225616
}