{
  "i2t_R@1": 0.44999998807907104,
  "t2i_R@1": 0.10999999940395355,
  "i2t_R@5": 0.8199999928474426,
  "t2i_R@5": 0.2199999988079071,
  "i2t_R@10": 0.9300000071525574,
  "t2i_R@10": 0.27000001072883606,
  "mean_R@10": 0.6000000089406967,
  "avg_train_loss": 0.7474914491176605,
  "tau": 0.05059339851140976
}