{
  "i2t_R@1": 0.25999999046325684,
  "t2i_R@1": 0.009999999776482582,
  "i2t_R@5": 0.5400000214576721,
  "t2i_R@5": 0.1599999964237213,
  "i2t_R@10": 0.6100000143051147,
  "t2i_R@10": 0.27000001072883606,
  "mean_R@10": 0.4400000125169754,
  "avg_train_loss": 1.560109794139862,
  "tau": 0.05042808875441551
}