{
  "i2t_R@1": 0.4300000071525574,
  "t2i_R@1": 0.28999999165534973,
  "i2t_R@5": 0.7900000214576721,
  "t2i_R@5": 0.6800000071525574,
  "i2t_R@10": 0.8899999856948853,
  "t2i_R@10": 0.8500000238418579,
  "mean_R@10": 0.8700000047683716,
  "avg_train_loss": 0.5717214047908783,
  "tau": 0.0507049560546875
}