{
  "i2t_R@1": 0.38999998569488525,
  "t2i_R@1": 0.41999998688697815,
  "i2t_R@5": 0.8600000143051147,
  "t2i_R@5": 0.7699999809265137,
  "i2t_R@10": 0.9599999785423279,
  "t2i_R@10": 0.9200000166893005,
  "mean_R@10": 0.9399999976158142,
  "avg_train_loss": 0.37504342198371887,
  "tau": 0.0506453774869442
}