{
  "i2t_R@1": 0.4000000059604645,
  "t2i_R@1": 0.33000001311302185,
  "i2t_R@5": 0.8100000023841858,
  "t2i_R@5": 0.7099999785423279,
  "i2t_R@10": 0.8999999761581421,
  "t2i_R@10": 0.8600000143051147,
  "mean_R@10": 0.8799999952316284,
  "avg_train_loss": 0.5459409356117249,
  "tau": 0.050695814192295074
}