{
  "i2t_R@1": 0.4399999976158142,
  "t2i_R@1": 0.23999999463558197,
  "i2t_R@5": 0.8500000238418579,
  "t2i_R@5": 0.6399999856948853,
  "i2t_R@10": 0.9200000166893005,
  "t2i_R@10": 0.800000011920929,
  "mean_R@10": 0.8600000143051147,
  "avg_train_loss": 0.6062650382518768,
  "tau": 0.050711773335933685
}