{
  "i2t_R@1": 0.5400000214576721,
  "t2i_R@1": 0.14000000059604645,
  "i2t_R@5": 0.8999999761581421,
  "t2i_R@5": 0.3700000047683716,
  "i2t_R@10": 0.949999988079071,
  "t2i_R@10": 0.47999998927116394,
  "mean_R@10": 0.7149999886751175,
  "avg_train_loss": 0.8185163736343384,
  "tau": 0.05065641552209854
}