{
  "i2t_R@1": 0.5600000023841858,
  "t2i_R@1": 0.5400000214576721,
  "i2t_R@5": 0.9599999785423279,
  "t2i_R@5": 0.8799999952316284,
  "i2t_R@10": 0.9900000095367432,
  "t2i_R@10": 1.0,
  "mean_R@10": 0.9950000047683716,
  "avg_train_loss": 0.21305247396230698,
  "tau": 0.050580866634845734
}