{
  "i2t_R@1": 0.6200000047683716,
  "t2i_R@1": 0.6000000238418579,
  "i2t_R@5": 0.9599999785423279,
  "t2i_R@5": 0.9399999976158142,
  "i2t_R@10": 0.9900000095367432,
  "t2i_R@10": 1.0,
  "mean_R@10": 0.9950000047683716,
  "avg_train_loss": 0.19237618893384933,
  "tau": 0.050571221858263016
}