{
  "i2t_R@1": 0.6499999761581421,
  "t2i_R@1": 0.6299999952316284,
  "i2t_R@5": 0.9599999785423279,
  "t2i_R@5": 0.9599999785423279,
  "i2t_R@10": 0.9900000095367432,
  "t2i_R@10": 1.0,
  "mean_R@10": 0.9950000047683716,
  "avg_train_loss": 0.16530944406986237,
  "tau": 0.05056208372116089
}