{
  "i2t_R@1": 0.46000000834465027,
  "t2i_R@1": 0.4699999988079071,
  "i2t_R@5": 0.8700000047683716,
  "t2i_R@5": 0.800000011920929,
  "i2t_R@10": 0.9800000190734863,
  "t2i_R@10": 0.9399999976158142,
  "mean_R@10": 0.9600000083446503,
  "avg_train_loss": 0.32265838980674744,
  "tau": 0.0506296344101429
}