{
  "i2t_R@1": 0.5099999904632568,
  "t2i_R@1": 0.10000000149011612,
  "i2t_R@5": 0.8500000238418579,
  "t2i_R@5": 0.27000001072883606,
  "i2t_R@10": 0.949999988079071,
  "t2i_R@10": 0.4099999964237213,
  "mean_R@10": 0.6799999922513962,
  "avg_train_loss": 0.770291805267334,
  "tau": 0.05062546953558922
}