{
  "i2t_R@1": 0.03999999910593033,
  "t2i_R@1": 0.019999999552965164,
  "i2t_R@5": 0.12999999523162842,
  "t2i_R@5": 0.07999999821186066,
  "i2t_R@10": 0.20000000298023224,
  "t2i_R@10": 0.1899999976158142,
  "mean_R@10": 0.19500000029802322,
  "avg_train_loss": 0.9854710102081299,
  "tau": 0.050128087401390076
}