{
  "i2t_R@1": 0.550000011920929,
  "t2i_R@1": 0.550000011920929,
  "i2t_R@5": 0.9300000071525574,
  "t2i_R@5": 0.8799999952316284,
  "i2t_R@10": 0.9900000095367432,
  "t2i_R@10": 0.9900000095367432,
  "mean_R@10": 0.9900000095367432,
  "avg_train_loss": 0.2243269383907318,
  "tau": 0.05059152841567993
}