{
  "i2t_R@1": 0.6399999856948853,
  "t2i_R@1": 0.699999988079071,
  "i2t_R@5": 0.9700000286102295,
  "t2i_R@5": 0.9900000095367432,
  "i2t_R@10": 0.9900000095367432,
  "t2i_R@10": 1.0,
  "mean_R@10": 0.9950000047683716,
  "avg_train_loss": 0.15458932518959045,
  "tau": 0.05054877698421478
}