{
  "i2t_R@1": 0.2199999988079071,
  "t2i_R@1": 0.009999999776482582,
  "i2t_R@5": 0.38999998569488525,
  "t2i_R@5": 0.10000000149011612,
  "i2t_R@10": 0.47999998927116394,
  "t2i_R@10": 0.1599999964237213,
  "mean_R@10": 0.3199999928474426,
  "avg_train_loss": 1.3487613797187805,
  "tau": 0.05033208057284355
}