{
  "i2t_R@1": 0.4099999964237213,
  "t2i_R@1": 0.3799999952316284,
  "i2t_R@5": 0.8199999928474426,
  "t2i_R@5": 0.75,
  "i2t_R@10": 0.9200000166893005,
  "t2i_R@10": 0.8899999856948853,
  "mean_R@10": 0.9050000011920929,
  "avg_train_loss": 0.47995950281620026,
  "tau": 0.050679538398981094
}