{
  "i2t_R@1": 0.05000000074505806,
  "t2i_R@1": 0.03999999910593033,
  "i2t_R@5": 0.20999999344348907,
  "t2i_R@5": 0.10000000149011612,
  "i2t_R@10": 0.33000001311302185,
  "t2i_R@10": 0.1899999976158142,
  "mean_R@10": 0.26000000536441803,
  "avg_train_loss": 1.840323567390442,
  "tau": 0.0501793697476387
}