{
  "i2t_R@1": 0.019999999552965164,
  "t2i_R@1": 0.019999999552965164,
  "i2t_R@5": 0.05000000074505806,
  "t2i_R@5": 0.05999999865889549,
  "i2t_R@10": 0.10000000149011612,
  "t2i_R@10": 0.10000000149011612,
  "mean_R@10": 0.10000000149011612,
  "avg_train_loss": 2.2079005241394043,
  "tau": 0.05061830207705498
}