{
  "i2t_R@1": 0.019999999552965164,
  "t2i_R@1": 0.019999999552965164,
  "i2t_R@5": 0.05999999865889549,
  "t2i_R@5": 0.05000000074505806,
  "i2t_R@10": 0.12999999523162842,
  "t2i_R@10": 0.12999999523162842,
  "mean_R@10": 0.12999999523162842,
  "avg_train_loss": 7.0084919929504395,
  "tau": 0.05015905946493149
}