{
  "i2t_R@1": 0.009999999776482582,
  "t2i_R@1": 0.009999999776482582,
  "i2t_R@5": 0.03999999910593033,
  "t2i_R@5": 0.03999999910593033,
  "i2t_R@10": 0.09000000357627869,
  "t2i_R@10": 0.11999999731779099,
  "mean_R@10": 0.10500000044703484,
  "avg_train_loss": 0.926671952009201,
  "tau": 0.050032638013362885
}