{
  "i2t_R@1": 0.4699999988079071,
  "t2i_R@1": 0.15000000596046448,
  "i2t_R@5": 0.7099999785423279,
  "t2i_R@5": 0.5699999928474426,
  "i2t_R@10": 0.7799999713897705,
  "t2i_R@10": 0.7099999785423279,
  "mean_R@10": 0.7449999749660492,
  "avg_train_loss": 1.3545576333999634,
  "tau": 0.05060534179210663
}