{
  "i2t_R@1": 0.10999999940395355,
  "t2i_R@1": 0.019999999552965164,
  "i2t_R@5": 0.3199999928474426,
  "t2i_R@5": 0.1599999964237213,
  "i2t_R@10": 0.4300000071525574,
  "t2i_R@10": 0.20999999344348907,
  "mean_R@10": 0.3200000002980232,
  "avg_train_loss": 1.8278414011001587,
  "tau": 0.05029449611902237
}