{
  "i2t_R@1": 0.009999999776482582,
  "t2i_R@1": 0.10000000149011612,
  "i2t_R@5": 0.36000001430511475,
  "t2i_R@5": 0.23000000417232513,
  "i2t_R@10": 0.7099999785423279,
  "t2i_R@10": 0.3199999928474426,
  "mean_R@10": 0.5149999856948853,
  "avg_train_loss": 1.712251901626587,
  "tau": 0.05042273923754692
}