{
  "i2t_R@1": 0.5,
  "t2i_R@1": 0.3700000047683716,
  "i2t_R@5": 0.8899999856948853,
  "t2i_R@5": 0.7799999713897705,
  "i2t_R@10": 0.9700000286102295,
  "t2i_R@10": 0.8899999856948853,
  "mean_R@10": 0.9300000071525574,
  "avg_train_loss": 1.1049569249153137,
  "tau": 0.05065232142806053
}