{
  "i2t_R@1": 0.41999998688697815,
  "t2i_R@1": 0.4099999964237213,
  "i2t_R@5": 0.8799999952316284,
  "t2i_R@5": 0.8399999737739563,
  "i2t_R@10": 0.9900000095367432,
  "t2i_R@10": 0.9399999976158142,
  "mean_R@10": 0.9650000035762787,
  "avg_train_loss": 0.6339983642101288,
  "tau": 0.05058030039072037
}