{
  "i2t_R@1": 0.5899999737739563,
  "t2i_R@1": 0.4099999964237213,
  "i2t_R@5": 0.9100000262260437,
  "t2i_R@5": 0.7599999904632568,
  "i2t_R@10": 0.9599999785423279,
  "t2i_R@10": 0.8600000143051147,
  "mean_R@10": 0.9099999964237213,
  "avg_train_loss": 1.210216462612152,
  "tau": 0.05066101625561714
}