{
  "i2t_R@1": 0.6299999952316284,
  "t2i_R@1": 0.5699999928474426,
  "i2t_R@5": 0.9700000286102295,
  "t2i_R@5": 0.8999999761581421,
  "i2t_R@10": 0.9900000095367432,
  "t2i_R@10": 0.9399999976158142,
  "mean_R@10": 0.9650000035762787,
  "avg_train_loss": 0.42988045513629913,
  "tau": 0.05053720623254776
}