{
  "i2t_R@1": 0.8500000238418579,
  "t2i_R@1": 0.8600000143051147,
  "i2t_R@5": 1.0,
  "t2i_R@5": 1.0,
  "i2t_R@10": 1.0,
  "t2i_R@10": 1.0,
  "mean_R@10": 1.0,
  "avg_train_loss": 0.14356914162635803,
  "tau": 0.05038800835609436
}