{
  "i2t_R@1": 0.4699999988079071,
  "t2i_R@1": 0.3499999940395355,
  "i2t_R@5": 0.8199999928474426,
  "t2i_R@5": 0.7400000095367432,
  "i2t_R@10": 0.9700000286102295,
  "t2i_R@10": 0.8899999856948853,
  "mean_R@10": 0.9300000071525574,
  "avg_train_loss": 0.7560514509677887,
  "tau": 0.050616491585969925
}