{
  "i2t_R@1": 0.3199999928474426,
  "t2i_R@1": 0.10999999940395355,
  "i2t_R@5": 0.47999998927116394,
  "t2i_R@5": 0.3199999928474426,
  "i2t_R@10": 0.5600000023841858,
  "t2i_R@10": 0.5199999809265137,
  "mean_R@10": 0.5399999916553497,
  "avg_train_loss": 1.9149914979934692,
  "tau": 0.05055025964975357
}