{
  "i2t_R@1": 0.05000000074505806,
  "t2i_R@1": 0.009999999776482582,
  "i2t_R@5": 0.15000000596046448,
  "t2i_R@5": 0.07999999821186066,
  "i2t_R@10": 0.23999999463558197,
  "t2i_R@10": 0.15000000596046448,
  "mean_R@10": 0.19500000029802322,
  "avg_train_loss": 2.581498086452484,
  "tau": 0.050104450434446335
}