{
  "i2t_R@1": 0.8799999952316284,
  "t2i_R@1": 0.8799999952316284,
  "i2t_R@5": 1.0,
  "t2i_R@5": 1.0,
  "i2t_R@10": 1.0,
  "t2i_R@10": 1.0,
  "mean_R@10": 1.0,
  "avg_train_loss": 0.1373775228857994,
  "tau": 0.05036384239792824
}