{
  "i2t_R@1": 0.6600000262260437,
  "t2i_R@1": 0.5799999833106995,
  "i2t_R@5": 0.9800000190734863,
  "t2i_R@5": 0.9399999976158142,
  "i2t_R@10": 1.0,
  "t2i_R@10": 0.9800000190734863,
  "mean_R@10": 0.9900000095367432,
  "avg_train_loss": 0.3204990327358246,
  "tau": 0.05051594600081444
}