{
  "i2t_R@1": 0.800000011920929,
  "t2i_R@1": 0.8299999833106995,
  "i2t_R@5": 1.0,
  "t2i_R@5": 1.0,
  "i2t_R@10": 1.0,
  "t2i_R@10": 1.0,
  "mean_R@10": 1.0,
  "avg_train_loss": 0.168694905936718,
  "tau": 0.05041321739554405
}