{
  "i2t_R@1": 0.029999999329447746,
  "t2i_R@1": 0.03999999910593033,
  "i2t_R@5": 0.17000000178813934,
  "t2i_R@5": 0.05000000074505806,
  "i2t_R@10": 0.2800000011920929,
  "t2i_R@10": 0.17000000178813934,
  "mean_R@10": 0.22500000149011612,
  "avg_train_loss": 1.768934428691864,
  "tau": 0.05017000436782837
}