{
  "i2t_R@1": 0.0,
  "t2i_R@1": 0.019999999552965164,
  "i2t_R@5": 0.03999999910593033,
  "t2i_R@5": 0.029999999329447746,
  "i2t_R@10": 0.11999999731779099,
  "t2i_R@10": 0.10999999940395355,
  "mean_R@10": 0.11499999836087227,
  "avg_train_loss": 2.0032585859298706,
  "tau": 0.050007328391075134
}