{
  "i2t_R@1": 0.03999999910593033,
  "t2i_R@1": 0.009999999776482582,
  "i2t_R@5": 0.23000000417232513,
  "t2i_R@5": 0.07999999821186066,
  "i2t_R@10": 0.3199999928474426,
  "t2i_R@10": 0.20000000298023224,
  "mean_R@10": 0.25999999791383743,
  "avg_train_loss": 1.8010917901992798,
  "tau": 0.05023157224059105
}