{
  "i2t_R@1": 0.7699999809265137,
  "t2i_R@1": 0.8299999833106995,
  "i2t_R@5": 1.0,
  "t2i_R@5": 1.0,
  "i2t_R@10": 1.0,
  "t2i_R@10": 1.0,
  "mean_R@10": 1.0,
  "avg_train_loss": 0.18640082329511642,
  "tau": 0.05043770745396614
}