{
  "i2t_R@1": 0.5899999737739563,
  "t2i_R@1": 0.5099999904632568,
  "i2t_R@5": 0.9399999976158142,
  "t2i_R@5": 0.8999999761581421,
  "i2t_R@10": 0.9900000095367432,
  "t2i_R@10": 0.9399999976158142,
  "mean_R@10": 0.9650000035762787,
  "avg_train_loss": 0.44853466749191284,
  "tau": 0.050559286028146744
}