{
  "i2t_R@1": 0.6100000143051147,
  "t2i_R@1": 0.28999999165534973,
  "i2t_R@5": 0.9200000166893005,
  "t2i_R@5": 0.7400000095367432,
  "i2t_R@10": 0.9800000190734863,
  "t2i_R@10": 0.8399999737739563,
  "mean_R@10": 0.9099999964237213,
  "avg_train_loss": 1.2953746914863586,
  "tau": 0.05064515024423599
}