{
  "i2t_R@1": 0.009999999776482582,
  "t2i_R@1": 0.10999999940395355,
  "i2t_R@5": 0.33000001311302185,
  "t2i_R@5": 0.3100000023841858,
  "i2t_R@10": 0.6499999761581421,
  "t2i_R@10": 0.5,
  "mean_R@10": 0.574999988079071,
  "avg_train_loss": 2.1866589784622192,
  "tau": 0.05048564076423645
}