{
  "i2t_R@1": 0.5400000214576721,
  "t2i_R@1": 0.3799999952316284,
  "i2t_R@5": 0.9100000262260437,
  "t2i_R@5": 0.7699999809265137,
  "i2t_R@10": 0.9599999785423279,
  "t2i_R@10": 0.8600000143051147,
  "mean_R@10": 0.9099999964237213,
  "avg_train_loss": 0.9060424268245697,
  "tau": 0.05063549056649208
}