{
  "i2t_R@1": 0.14000000059604645,
  "t2i_R@1": 0.05999999865889549,
  "i2t_R@5": 0.4399999976158142,
  "t2i_R@5": 0.1599999964237213,
  "i2t_R@10": 0.5199999809265137,
  "t2i_R@10": 0.23000000417232513,
  "mean_R@10": 0.3749999925494194,
  "avg_train_loss": 2.356961727142334,
  "tau": 0.05035899206995964
}