{
  "i2t_R@1": 0.7799999713897705,
  "t2i_R@1": 0.6899999976158142,
  "i2t_R@5": 1.0,
  "t2i_R@5": 0.9900000095367432,
  "i2t_R@10": 1.0,
  "t2i_R@10": 1.0,
  "mean_R@10": 1.0,
  "avg_train_loss": 0.24990031123161316,
  "tau": 0.0504787303507328
}