{
  "i2t_R@1": 0.4300000071525574,
  "t2i_R@1": 0.3799999952316284,
  "i2t_R@5": 0.8399999737739563,
  "t2i_R@5": 0.8199999928474426,
  "i2t_R@10": 0.949999988079071,
  "t2i_R@10": 0.9200000166893005,
  "mean_R@10": 0.9350000023841858,
  "avg_train_loss": 0.6819680035114288,
  "tau": 0.050596270710229874
}