{
  "i2t_R@1": 0.800000011920929,
  "t2i_R@1": 0.7400000095367432,
  "i2t_R@5": 1.0,
  "t2i_R@5": 0.9800000190734863,
  "i2t_R@10": 1.0,
  "t2i_R@10": 1.0,
  "mean_R@10": 1.0,
  "avg_train_loss": 0.21421226859092712,
  "tau": 0.05045897513628006
}