{
  "i2t_R@1": 0.019999999552965164,
  "t2i_R@1": 0.009999999776482582,
  "i2t_R@5": 0.07999999821186066,
  "t2i_R@5": 0.10000000149011612,
  "i2t_R@10": 0.15000000596046448,
  "t2i_R@10": 0.15000000596046448,
  "mean_R@10": 0.15000000596046448,
  "avg_train_loss": 3.9953653812408447,
  "tau": 0.050042442977428436
}