{
  "i2t_R@1": 0.4699999988079071,
  "t2i_R@1": 0.07000000029802322,
  "i2t_R@5": 0.75,
  "t2i_R@5": 0.36000001430511475,
  "i2t_R@10": 0.8500000238418579,
  "t2i_R@10": 0.49000000953674316,
  "mean_R@10": 0.6700000166893005,
  "avg_train_loss": 0.8859426975250244,
  "tau": 0.0505622997879982
}