{
  "i2t_R@1": 0.46000000834465027,
  "t2i_R@1": 0.2800000011920929,
  "i2t_R@5": 0.8600000143051147,
  "t2i_R@5": 0.7300000190734863,
  "i2t_R@10": 0.9200000166893005,
  "t2i_R@10": 0.8299999833106995,
  "mean_R@10": 0.875,
  "avg_train_loss": 0.6175845861434937,
  "tau": 0.05068063735961914
}