{
  "i2t_R@1": 0.4399999976158142,
  "t2i_R@1": 0.3700000047683716,
  "i2t_R@5": 0.8399999737739563,
  "t2i_R@5": 0.7699999809265137,
  "i2t_R@10": 0.9200000166893005,
  "t2i_R@10": 0.8600000143051147,
  "mean_R@10": 0.8900000154972076,
  "avg_train_loss": 0.5944306254386902,
  "tau": 0.05067916214466095
}