{
  "i2t_R@1": 0.019999999552965164,
  "t2i_R@1": 0.029999999329447746,
  "i2t_R@5": 0.07000000029802322,
  "t2i_R@5": 0.11999999731779099,
  "i2t_R@10": 0.1599999964237213,
  "t2i_R@10": 0.2199999988079071,
  "mean_R@10": 0.1899999976158142,
  "avg_train_loss": 1.2803489565849304,
  "tau": 0.050404228270053864
}