{
  "i2t_R@1": 0.05000000074505806,
  "t2i_R@1": 0.029999999329447746,
  "i2t_R@5": 0.18000000715255737,
  "t2i_R@5": 0.07999999821186066,
  "i2t_R@10": 0.23999999463558197,
  "t2i_R@10": 0.14000000059604645,
  "mean_R@10": 0.1899999976158142,
  "avg_train_loss": 1.6846277117729187,
  "tau": 0.05014027655124664
}