{
  "i2t_R@1": 0.36000001430511475,
  "t2i_R@1": 0.1899999976158142,
  "i2t_R@5": 0.7099999785423279,
  "t2i_R@5": 0.5600000023841858,
  "i2t_R@10": 0.8899999856948853,
  "t2i_R@10": 0.6100000143051147,
  "mean_R@10": 0.75,
  "avg_train_loss": 0.8867129981517792,
  "tau": 0.05062505975365639
}