{
  "i2t_R@1": 0.15000000596046448,
  "t2i_R@1": 0.07999999821186066,
  "i2t_R@5": 0.2800000011920929,
  "t2i_R@5": 0.1899999976158142,
  "i2t_R@10": 0.3799999952316284,
  "t2i_R@10": 0.2199999988079071,
  "mean_R@10": 0.29999999701976776,
  "avg_train_loss": 0.8992597460746765,
  "tau": 0.050280507653951645
}