{
  "i2t_R@1": 0.47999998927116394,
  "t2i_R@1": 0.1899999976158142,
  "i2t_R@5": 0.8500000238418579,
  "t2i_R@5": 0.6499999761581421,
  "i2t_R@10": 0.949999988079071,
  "t2i_R@10": 0.7599999904632568,
  "mean_R@10": 0.8549999892711639,
  "avg_train_loss": 0.6903434991836548,
  "tau": 0.05067170783877373
}