{
  "i2t_R@1": 0.44999998807907104,
  "t2i_R@1": 0.3700000047683716,
  "i2t_R@5": 0.8399999737739563,
  "t2i_R@5": 0.7799999713897705,
  "i2t_R@10": 0.9200000166893005,
  "t2i_R@10": 0.8700000047683716,
  "mean_R@10": 0.8950000107288361,
  "avg_train_loss": 0.5918260514736176,
  "tau": 0.050678402185440063
}