{
  "i2t_R@1": 0.46000000834465027,
  "t2i_R@1": 0.23000000417232513,
  "i2t_R@5": 0.8600000143051147,
  "t2i_R@5": 0.6499999761581421,
  "i2t_R@10": 0.9200000166893005,
  "t2i_R@10": 0.8100000023841858,
  "mean_R@10": 0.8650000095367432,
  "avg_train_loss": 0.665919840335846,
  "tau": 0.05067779868841171
}