{
  "i2t_R@1": 0.10999999940395355,
  "t2i_R@1": 0.019999999552965164,
  "i2t_R@5": 0.30000001192092896,
  "t2i_R@5": 0.11999999731779099,
  "i2t_R@10": 0.33000001311302185,
  "t2i_R@10": 0.30000001192092896,
  "mean_R@10": 0.3150000125169754,
  "avg_train_loss": 0.9185267984867096,
  "tau": 0.050462737679481506
}