{
  "i2t_R@1": 0.4699999988079071,
  "t2i_R@1": 0.1599999964237213,
  "i2t_R@5": 0.8600000143051147,
  "t2i_R@5": 0.47999998927116394,
  "i2t_R@10": 0.9300000071525574,
  "t2i_R@10": 0.5899999737739563,
  "mean_R@10": 0.7599999904632568,
  "avg_train_loss": 0.7467747032642365,
  "tau": 0.050649482756853104
}