{
  "i2t_R@1": 0.4399999976158142,
  "t2i_R@1": 0.3499999940395355,
  "i2t_R@5": 0.8500000238418579,
  "t2i_R@5": 0.7599999904632568,
  "i2t_R@10": 0.9200000166893005,
  "t2i_R@10": 0.8500000238418579,
  "mean_R@10": 0.8850000202655792,
  "avg_train_loss": 0.5950952172279358,
  "tau": 0.05068022757768631
}