{
  "i2t_R@1": 0.07999999821186066,
  "t2i_R@1": 0.03999999910593033,
  "i2t_R@5": 0.12999999523162842,
  "t2i_R@5": 0.09000000357627869,
  "i2t_R@10": 0.27000001072883606,
  "t2i_R@10": 0.1599999964237213,
  "mean_R@10": 0.2150000035762787,
  "avg_train_loss": 0.9981384873390198,
  "tau": 0.05021493881940842
}