{
  "i2t_R@1": 0.009999999776482582,
  "t2i_R@1": 0.019999999552965164,
  "i2t_R@5": 0.05000000074505806,
  "t2i_R@5": 0.029999999329447746,
  "i2t_R@10": 0.10999999940395355,
  "t2i_R@10": 0.07999999821186066,
  "mean_R@10": 0.0949999988079071,
  "avg_train_loss": 1.158572256565094,
  "tau": 0.050010666251182556
}