{
  "i2t_R@1": 0.4000000059604645,
  "t2i_R@1": 0.20999999344348907,
  "i2t_R@5": 0.6899999976158142,
  "t2i_R@5": 0.5600000023841858,
  "i2t_R@10": 0.8700000047683716,
  "t2i_R@10": 0.6600000262260437,
  "mean_R@10": 0.7650000154972076,
  "avg_train_loss": 0.7044694721698761,
  "tau": 0.05059546232223511
}