{
  "i2t_R@1": 0.4399999976158142,
  "t2i_R@1": 0.029999999329447746,
  "i2t_R@5": 0.7099999785423279,
  "t2i_R@5": 0.23999999463558197,
  "i2t_R@10": 0.7599999904632568,
  "t2i_R@10": 0.4099999964237213,
  "mean_R@10": 0.5849999934434891,
  "avg_train_loss": 0.9318678677082062,
  "tau": 0.05051467940211296
}