{
  "i2t_R@1": 0.47999998927116394,
  "t2i_R@1": 0.17000000178813934,
  "i2t_R@5": 0.8600000143051147,
  "t2i_R@5": 0.6000000238418579,
  "i2t_R@10": 0.949999988079071,
  "t2i_R@10": 0.7200000286102295,
  "mean_R@10": 0.8350000083446503,
  "avg_train_loss": 0.6402388513088226,
  "tau": 0.05066262185573578
}