{
  "i2t_R@1": 0.0,
  "t2i_R@1": 0.03999999910593033,
  "i2t_R@5": 0.05999999865889549,
  "t2i_R@5": 0.10999999940395355,
  "i2t_R@10": 0.15000000596046448,
  "t2i_R@10": 0.1899999976158142,
  "mean_R@10": 0.17000000178813934,
  "avg_train_loss": 0.8832759261131287,
  "tau": 0.05034305155277252
}