{
  "i2t_R@1": 0.44999998807907104,
  "t2i_R@1": 0.3700000047683716,
  "i2t_R@5": 0.8399999737739563,
  "t2i_R@5": 0.7799999713897705,
  "i2t_R@10": 0.9200000166893005,
  "t2i_R@10": 0.8700000047683716,
  "mean_R@10": 0.8950000107288361,
  "avg_train_loss": 0.5918260514736176,
  "tau": 0.050678402185440063,
  "duration_sec": 2.5014891624450684,
  "params": {
    "lr": 0.0008284966629539335,
    "dropout": 0.0,
    "hidden_mult": 1.5,
    "proj_dim": 512,
    "label_smoothing": 0.0,
    "warmup_frac": 0.0,
    "use_pos_weight_balancing": false
  },
  "run_name": "trial_015",
  "score": 0.8358174055814743
}