{
  "i2t_R@1": 0.46000000834465027,
  "t2i_R@1": 0.14000000059604645,
  "i2t_R@5": 0.7699999809265137,
  "t2i_R@5": 0.3499999940395355,
  "i2t_R@10": 0.8600000143051147,
  "t2i_R@10": 0.47999998927116394,
  "mean_R@10": 0.6700000017881393,
  "avg_train_loss": 0.712022066116333,
  "tau": 0.050341442227363586
}