{
  "i2t_R@1": 0.17000000178813934,
  "t2i_R@1": 0.07999999821186066,
  "i2t_R@5": 0.3499999940395355,
  "t2i_R@5": 0.1599999964237213,
  "i2t_R@10": 0.46000000834465027,
  "t2i_R@10": 0.23999999463558197,
  "mean_R@10": 0.3500000014901161,
  "avg_train_loss": 0.9107670783996582,
  "tau": 0.05014645680785179
}