{
  "i2t_R@1": 0.5099999904632568,
  "t2i_R@1": 0.47999998927116394,
  "i2t_R@5": 0.9100000262260437,
  "t2i_R@5": 0.8299999833106995,
  "i2t_R@10": 0.9900000095367432,
  "t2i_R@10": 0.9100000262260437,
  "mean_R@10": 0.9500000178813934,
  "avg_train_loss": 0.5653366148471832,
  "tau": 0.05043444782495499
}