{
  "i2t_R@1": 0.3799999952316284,
  "t2i_R@1": 0.36000001430511475,
  "i2t_R@5": 0.7699999809265137,
  "t2i_R@5": 0.699999988079071,
  "i2t_R@10": 0.949999988079071,
  "t2i_R@10": 0.8399999737739563,
  "mean_R@10": 0.8949999809265137,
  "avg_train_loss": 0.7414664924144745,
  "tau": 0.050421103835105896
}