{
  "i2t_R@1": 0.9300000071525574,
  "t2i_R@1": 0.8199999928474426,
  "i2t_R@5": 1.0,
  "t2i_R@5": 1.0,
  "i2t_R@10": 1.0,
  "t2i_R@10": 1.0,
  "mean_R@10": 1.0,
  "avg_train_loss": 0.39754779636859894,
  "tau": 0.050532858818769455
}