{
  "i2t_R@1": 0.009999999776482582,
  "t2i_R@1": 0.019999999552965164,
  "i2t_R@5": 0.07999999821186066,
  "t2i_R@5": 0.05999999865889549,
  "i2t_R@10": 0.10999999940395355,
  "t2i_R@10": 0.11999999731779099,
  "mean_R@10": 0.11499999836087227,
  "avg_train_loss": 0.7208676338195801,
  "tau": 0.050007414072752
}