{
  "i2t_R@1": 0.5199999809265137,
  "t2i_R@1": 0.5299999713897705,
  "i2t_R@5": 0.9200000166893005,
  "t2i_R@5": 0.8700000047683716,
  "i2t_R@10": 0.9900000095367432,
  "t2i_R@10": 0.9800000190734863,
  "mean_R@10": 0.9850000143051147,
  "avg_train_loss": 0.4777618795633316,
  "tau": 0.05044439435005188
}