{
  "i2t_R@1": 0.05000000074505806,
  "t2i_R@1": 0.009999999776482582,
  "i2t_R@5": 0.10999999940395355,
  "t2i_R@5": 0.09000000357627869,
  "i2t_R@10": 0.2199999988079071,
  "t2i_R@10": 0.14000000059604645,
  "mean_R@10": 0.17999999970197678,
  "avg_train_loss": 2.6167269945144653,
  "tau": 0.050037432461977005
}