{
  "i2t_R@1": 0.699999988079071,
  "t2i_R@1": 0.5799999833106995,
  "i2t_R@5": 0.9900000095367432,
  "t2i_R@5": 0.9399999976158142,
  "i2t_R@10": 1.0,
  "t2i_R@10": 0.9599999785423279,
  "mean_R@10": 0.9799999892711639,
  "avg_train_loss": 0.44082891941070557,
  "tau": 0.05044570565223694
}