{
  "i2t_R@1": 0.9200000166893005,
  "t2i_R@1": 0.8799999952316284,
  "i2t_R@5": 1.0,
  "t2i_R@5": 1.0,
  "i2t_R@10": 1.0,
  "t2i_R@10": 1.0,
  "mean_R@10": 1.0,
  "avg_train_loss": 0.384111225605011,
  "tau": 0.050539880990982056
}