{
  "i2t_R@1": 0.9100000262260437,
  "t2i_R@1": 0.7900000214576721,
  "i2t_R@5": 1.0,
  "t2i_R@5": 0.9800000190734863,
  "i2t_R@10": 1.0,
  "t2i_R@10": 1.0,
  "mean_R@10": 1.0,
  "avg_train_loss": 0.39748668670654297,
  "tau": 0.05052078515291214
}