{
  "i2t_R@1": 0.8399999737739563,
  "t2i_R@1": 0.699999988079071,
  "i2t_R@5": 0.9900000095367432,
  "t2i_R@5": 0.9399999976158142,
  "i2t_R@10": 1.0,
  "t2i_R@10": 0.9700000286102295,
  "mean_R@10": 0.9850000143051147,
  "avg_train_loss": 0.43657082319259644,
  "tau": 0.0504823662340641
}