{
  "i2t_R@1": 0.44999998807907104,
  "t2i_R@1": 0.18000000715255737,
  "i2t_R@5": 0.8500000238418579,
  "t2i_R@5": 0.46000000834465027,
  "i2t_R@10": 0.9300000071525574,
  "t2i_R@10": 0.6100000143051147,
  "mean_R@10": 0.7700000107288361,
  "avg_train_loss": 0.6524344682693481,
  "tau": 0.05037211626768112
}