{
  "i2t_R@1": 0.11999999731779099,
  "t2i_R@1": 0.05999999865889549,
  "i2t_R@5": 0.28999999165534973,
  "t2i_R@5": 0.17000000178813934,
  "i2t_R@10": 0.38999998569488525,
  "t2i_R@10": 0.20999999344348907,
  "mean_R@10": 0.29999998956918716,
  "avg_train_loss": 1.5008755922317505,
  "tau": 0.05009239912033081
}