{
  "i2t_R@1": 0.20999999344348907,
  "t2i_R@1": 0.3700000047683716,
  "i2t_R@5": 0.6000000238418579,
  "t2i_R@5": 0.6899999976158142,
  "i2t_R@10": 0.8299999833106995,
  "t2i_R@10": 0.800000011920929,
  "mean_R@10": 0.8149999976158142,
  "avg_train_loss": 0.6404826939105988,
  "tau": 0.05040460079908371
}