{
  "i2t_R@1": 0.3400000035762787,
  "t2i_R@1": 0.07999999821186066,
  "i2t_R@5": 0.6200000047683716,
  "t2i_R@5": 0.20999999344348907,
  "i2t_R@10": 0.7599999904632568,
  "t2i_R@10": 0.38999998569488525,
  "mean_R@10": 0.574999988079071,
  "avg_train_loss": 0.733380138874054,
  "tau": 0.050299715250730515
}