{
  "i2t_R@1": 0.7799999713897705,
  "t2i_R@1": 0.6499999761581421,
  "i2t_R@5": 0.9900000095367432,
  "t2i_R@5": 0.9599999785423279,
  "i2t_R@10": 1.0,
  "t2i_R@10": 0.9900000095367432,
  "mean_R@10": 0.9950000047683716,
  "avg_train_loss": 0.44935497641563416,
  "tau": 0.050451550632715225
}