{
  "i2t_R@1": 0.5299999713897705,
  "t2i_R@1": 0.5199999809265137,
  "i2t_R@5": 0.9599999785423279,
  "t2i_R@5": 0.8500000238418579,
  "i2t_R@10": 1.0,
  "t2i_R@10": 0.949999988079071,
  "mean_R@10": 0.9749999940395355,
  "avg_train_loss": 0.5033523142337799,
  "tau": 0.05044097825884819
}