{
  "i2t_R@1": 0.2199999988079071,
  "t2i_R@1": 0.05999999865889549,
  "i2t_R@5": 0.41999998688697815,
  "t2i_R@5": 0.14000000059604645,
  "i2t_R@10": 0.5299999713897705,
  "t2i_R@10": 0.17000000178813934,
  "mean_R@10": 0.3499999865889549,
  "avg_train_loss": 0.85983806848526,
  "tau": 0.05020067095756531
}