{
  "i2t_R@1": 0.44999998807907104,
  "t2i_R@1": 0.38999998569488525,
  "i2t_R@5": 0.7799999713897705,
  "t2i_R@5": 0.7099999785423279,
  "i2t_R@10": 0.8299999833106995,
  "t2i_R@10": 0.8500000238418579,
  "mean_R@10": 0.8400000035762787,
  "avg_train_loss": 0.6615288853645325,
  "tau": 0.05038881301879883
}