{
  "i2t_R@1": 0.8100000023841858,
  "t2i_R@1": 0.6899999976158142,
  "i2t_R@5": 0.9900000095367432,
  "t2i_R@5": 0.949999988079071,
  "i2t_R@10": 1.0,
  "t2i_R@10": 1.0,
  "mean_R@10": 1.0,
  "avg_train_loss": 0.4298320561647415,
  "tau": 0.05046418309211731
}