{
  "i2t_R@1": 0.2800000011920929,
  "t2i_R@1": 0.05999999865889549,
  "i2t_R@5": 0.5199999809265137,
  "t2i_R@5": 0.1899999976158142,
  "i2t_R@10": 0.6399999856948853,
  "t2i_R@10": 0.33000001311302185,
  "mean_R@10": 0.48499999940395355,
  "avg_train_loss": 0.7650213837623596,
  "tau": 0.05025242641568184
}