{
  "i2t_R@1": 0.3700000047683716,
  "t2i_R@1": 0.38999998569488525,
  "i2t_R@5": 0.7300000190734863,
  "t2i_R@5": 0.6899999976158142,
  "i2t_R@10": 0.8799999952316284,
  "t2i_R@10": 0.8500000238418579,
  "mean_R@10": 0.8650000095367432,
  "avg_train_loss": 0.6581413149833679,
  "tau": 0.050996892154216766
}