{
  "i2t_R@1": 0.3799999952316284,
  "t2i_R@1": 0.2199999988079071,
  "i2t_R@5": 0.6899999976158142,
  "t2i_R@5": 0.49000000953674316,
  "i2t_R@10": 0.7799999713897705,
  "t2i_R@10": 0.6299999952316284,
  "mean_R@10": 0.7049999833106995,
  "avg_train_loss": 0.7110233306884766,
  "tau": 0.05095455050468445
}