{
  "i2t_R@1": 0.3799999952316284,
  "t2i_R@1": 0.20000000298023224,
  "i2t_R@5": 0.6700000166893005,
  "t2i_R@5": 0.5099999904632568,
  "i2t_R@10": 0.7699999809265137,
  "t2i_R@10": 0.699999988079071,
  "mean_R@10": 0.7349999845027924,
  "avg_train_loss": 0.7026751339435577,
  "tau": 0.050928693264722824
}