{
  "i2t_R@1": 0.03999999910593033,
  "t2i_R@1": 0.029999999329447746,
  "i2t_R@5": 0.05999999865889549,
  "t2i_R@5": 0.07999999821186066,
  "i2t_R@10": 0.20000000298023224,
  "t2i_R@10": 0.14000000059604645,
  "mean_R@10": 0.17000000178813934,
  "avg_train_loss": 1.4101277589797974,
  "tau": 0.050086989998817444
}