{
  "i2t_R@1": 0.3700000047683716,
  "t2i_R@1": 0.33000001311302185,
  "i2t_R@5": 0.7599999904632568,
  "t2i_R@5": 0.6499999761581421,
  "i2t_R@10": 0.8999999761581421,
  "t2i_R@10": 0.800000011920929,
  "mean_R@10": 0.8499999940395355,
  "avg_train_loss": 0.6785443425178528,
  "tau": 0.05099228769540787
}