{
  "i2t_R@1": 0.3700000047683716,
  "t2i_R@1": 0.3499999940395355,
  "i2t_R@5": 0.7599999904632568,
  "t2i_R@5": 0.6899999976158142,
  "i2t_R@10": 0.8899999856948853,
  "t2i_R@10": 0.8199999928474426,
  "mean_R@10": 0.8549999892711639,
  "avg_train_loss": 0.666972815990448,
  "tau": 0.05099580064415932
}