{
  "i2t_R@1": 0.3799999952316284,
  "t2i_R@1": 0.3100000023841858,
  "i2t_R@5": 0.7900000214576721,
  "t2i_R@5": 0.6200000047683716,
  "i2t_R@10": 0.8899999856948853,
  "t2i_R@10": 0.7300000190734863,
  "mean_R@10": 0.8100000023841858,
  "avg_train_loss": 0.6674301624298096,
  "tau": 0.05098557472229004
}