{
  "i2t_R@1": 0.36000001430511475,
  "t2i_R@1": 0.36000001430511475,
  "i2t_R@5": 0.7400000095367432,
  "t2i_R@5": 0.6899999976158142,
  "i2t_R@10": 0.8799999952316284,
  "t2i_R@10": 0.8199999928474426,
  "mean_R@10": 0.8499999940395355,
  "avg_train_loss": 0.6567193269729614,
  "tau": 0.050996892154216766
}