{
  "i2t_R@1": 0.009999999776482582,
  "t2i_R@1": 0.029999999329447746,
  "i2t_R@5": 0.11999999731779099,
  "t2i_R@5": 0.12999999523162842,
  "i2t_R@10": 0.38999998569488525,
  "t2i_R@10": 0.23999999463558197,
  "mean_R@10": 0.3149999901652336,
  "avg_train_loss": 1.574703961610794,
  "tau": 0.05051979795098305
}