{
  "i2t_R@1": 0.019999999552965164,
  "t2i_R@1": 0.009999999776482582,
  "i2t_R@5": 0.05999999865889549,
  "t2i_R@5": 0.07999999821186066,
  "i2t_R@10": 0.27000001072883606,
  "t2i_R@10": 0.15000000596046448,
  "mean_R@10": 0.21000000834465027,
  "avg_train_loss": 2.41901758313179,
  "tau": 0.05019565671682358
}