{
  "i2t_R@1": 0.38999998569488525,
  "t2i_R@1": 0.2199999988079071,
  "i2t_R@5": 0.699999988079071,
  "t2i_R@5": 0.5299999713897705,
  "i2t_R@10": 0.7799999713897705,
  "t2i_R@10": 0.75,
  "mean_R@10": 0.7649999856948853,
  "avg_train_loss": 0.7488518953323364,
  "tau": 0.05089297145605087
}