{
  "i2t_R@1": 0.07000000029802322,
  "t2i_R@1": 0.009999999776482582,
  "i2t_R@5": 0.15000000596046448,
  "t2i_R@5": 0.12999999523162842,
  "i2t_R@10": 0.20000000298023224,
  "t2i_R@10": 0.20000000298023224,
  "mean_R@10": 0.20000000298023224,
  "avg_train_loss": 2.290501892566681,
  "tau": 0.0503028929233551
}