{
  "i2t_R@1": 0.4099999964237213,
  "t2i_R@1": 0.07999999821186066,
  "i2t_R@5": 0.6800000071525574,
  "t2i_R@5": 0.18000000715255737,
  "i2t_R@10": 0.75,
  "t2i_R@10": 0.41999998688697815,
  "mean_R@10": 0.5849999934434891,
  "avg_train_loss": 1.207119733095169,
  "tau": 0.050712645053863525
}