{
  "i2t_R@1": 0.3799999952316284,
  "t2i_R@1": 0.38999998569488525,
  "i2t_R@5": 0.7300000190734863,
  "t2i_R@5": 0.6899999976158142,
  "i2t_R@10": 0.8799999952316284,
  "t2i_R@10": 0.8399999737739563,
  "mean_R@10": 0.8599999845027924,
  "avg_train_loss": 0.656510204076767,
  "tau": 0.05099700391292572
}