{
  "i2t_R@1": 0.009999999776482582,
  "t2i_R@1": 0.019999999552965164,
  "i2t_R@5": 0.07999999821186066,
  "t2i_R@5": 0.10999999940395355,
  "i2t_R@10": 0.2199999988079071,
  "t2i_R@10": 0.17000000178813934,
  "mean_R@10": 0.19500000029802322,
  "avg_train_loss": 0.70094233751297,
  "tau": 0.05001511424779892
}