{
  "i2t_R@1": 0.4000000059604645,
  "t2i_R@1": 0.23000000417232513,
  "i2t_R@5": 0.7300000190734863,
  "t2i_R@5": 0.5400000214576721,
  "i2t_R@10": 0.8700000047683716,
  "t2i_R@10": 0.7200000286102295,
  "mean_R@10": 0.7950000166893005,
  "avg_train_loss": 0.709490567445755,
  "tau": 0.050974041223526
}