{
  "i2t_R@1": 0.09000000357627869,
  "t2i_R@1": 0.009999999776482582,
  "i2t_R@5": 0.18000000715255737,
  "t2i_R@5": 0.12999999523162842,
  "i2t_R@10": 0.23000000417232513,
  "t2i_R@10": 0.23999999463558197,
  "mean_R@10": 0.23499999940395355,
  "avg_train_loss": 2.8519619703292847,
  "tau": 0.050412617623806
}