{
  "i2t_R@1": 0.4000000059604645,
  "t2i_R@1": 0.10000000149011612,
  "i2t_R@5": 0.6600000262260437,
  "t2i_R@5": 0.28999999165534973,
  "i2t_R@10": 0.7400000095367432,
  "t2i_R@10": 0.41999998688697815,
  "mean_R@10": 0.5799999982118607,
  "avg_train_loss": 0.7269628345966339,
  "tau": 0.05078773573040962
}