{
  "i2t_R@1": 0.009999999776482582,
  "t2i_R@1": 0.05000000074505806,
  "i2t_R@5": 0.4000000059604645,
  "t2i_R@5": 0.17000000178813934,
  "i2t_R@10": 0.7099999785423279,
  "t2i_R@10": 0.28999999165534973,
  "mean_R@10": 0.4999999850988388,
  "avg_train_loss": 1.4626981019973755,
  "tau": 0.05061919242143631
}