{
  "i2t_R@1": 0.36000001430511475,
  "t2i_R@1": 0.1899999976158142,
  "i2t_R@5": 0.6700000166893005,
  "t2i_R@5": 0.4699999988079071,
  "i2t_R@10": 0.7699999809265137,
  "t2i_R@10": 0.6899999976158142,
  "mean_R@10": 0.7299999892711639,
  "avg_train_loss": 0.7078668475151062,
  "tau": 0.05084687098860741
}